entity_id,entity_name,entity_type,address,child(ren)_enrolled,notes
entity_id,entity_name,entity_type,address,child(ren)_enrolled,notes
FAM0004,Aubrey Parker and Harper Taylor,Family,"1693 Main St, City1593, ST, 90001593",ChildA-1593,
FAM0006,Dakota King and Casey Morris,Family,"1236 Main St, City1136, ST, 90001136",ChildA-1136,
FAM0008,Logan Johnson and Morgan Murphy,Family,"1158 Main St, City1058, ST, 90001058",,
FAM0012,Sawyer Phillips and Milan Roberts,Family,"1179 Main St, City1079, ST, 90001079",,
FAM0014,Corey Nguyen and Drew White,Family,"1847 Main St, City1747, ST, 90001747",ChildA-1747,
FAM0016,Jordan Campbell and Jamie Perez,Family,"1141 Main St, City1041, ST, 90001041",ChildA-1041,
FAM0020,Corey Perez and Jamie Taylor,Family,"1407 Main St, City1307, ST, 90001307",,
FAM0022,Skylar Johnson and Aubrey Brown,Family,"1949 Main St, City1849, ST, 90001849",ChildA-1849,
FAM0024,Shannon Lopez and Spencer Cook,Family,"1408 Main St, City1308, ST, 90001308",ChildA-1308,
FAM0027,Jordan Perez and Charlie Anderson,Family,"1181 Main St, City1081, ST, 90001081",,
FAM0030,Frankie Flores and Milan Mitchell,Family,"1336 Main St, City1236, ST, 90001236",ChildA-1236,
FAM0032,Sawyer Morris and Cameron Hall,Family,"1259 Main St, City1159, ST, 90001159",,
FAM0034,Quinn Rivera and Riley Torres,Family,"1308 Main St, City1208, ST, 90001208",ChildA-1208,
FAM0036,Riley Brown and Spencer Nguyen,Family,"1150 Main St, City1050, ST, 90001050",,
FAM0038,Morgan Perez and Spencer Clark,Family,"1463 Main St, City1363, ST, 90001363",,
FAM0043,Blake Scott and Eden Taylor,Family,"1924 Main St, City1824, ST, 90001824",,
FAM0045,Morgan Anderson and Harper Parker,Family,"1503 Main St, City1403, ST, 90001403",ChildA-1403,
FAM0047,Reese Phillips and Taylor Hall,Family,"1691 Main St, City1591, ST, 90001591",ChildA-1591,
FAM0050,Parker Rogers and Milan Roberts,Family,"1239 Main St, City1139, ST, 90001139",,
FAM0053,Alex Murphy and Taylor Lopez,Family,"1940 Main St, City1840, ST, 90001840",ChildA-1840,
FAM0055,Cameron Allen and Dakota Murphy,Family,"2431 Main St, City2331, ST, 90002331",ChildA-2331,
FAM0057,Casey Collins and Reese Taylor,Family,"1864 Main St, City1764, ST, 90001764",,
FAM0059,Parker Carter and Dakota Mitchell,Family,"1159 Main St, City1059, ST, 90001059",ChildA-1059,
FAM0061,Spencer Mitchell and Elliot Perez,Family,"1250 Main St, City1150, ST, 90001150",,
FAM0063,Morgan King and Sawyer Nguyen,Family,"1583 Main St, City1483, ST, 90001483",ChildA-1483,
FAM0065,Sam Scott and Quinn Johnson,Family,"1905 Main St, City1805, ST, 90001805",ChildA-1805,
FAM0067,Elliot Carter and Brooklyn Rivera,Family,"1434 Main St, City1334, ST, 90001334",ChildA-1334,
FAM0069,Riley Campbell and Sydney Hall,Family,"1110 Main St, City1010, ST, 90001010",ChildA-1010,
FAM0071,Casey Allen and Hunter Lewis,Family,"1544 Main St, City1444, ST, 90001444",,
FAM0073,Sam Murphy and Phoenix Martin,Family,"2265 Main St, City2165, ST, 90002165",ChildA-2165,
FAM0075,Kendall Clark and Sawyer Clark,Family,"1572 Main St, City1472, ST, 90001472",ChildA-1472,
FAM0077,Jesse Flores and Hunter White,Family,"1757 Main St, City1657, ST, 90001657",ChildA-1657,
FAM0080,Taylor Scott and Cameron Taylor,Family,"1702 Main St, City1602, ST, 90001602",ChildA-1602,
FAM0082,Milan Harris and Drew Walker,Family,"1137 Main St, City1037, ST, 90001037",ChildA-1037,
FAM0084,Jamie Mitchell and Jesse Lewis,Family,"1506 Main St, City1406, ST, 90001406",ChildA-1406,
FAM0086,Corey Hall and Jordan Murphy,Family,"1447 Main St, City1347, ST, 90001347",,
FAM0088,Quinn Parker and Sydney Scott,Family,"1788 Main St, City1688, ST, 90001688",,
FAM0090,Harper Thompson and Spencer Campbell,Family,"1795 Main St, City1695, ST, 90001695",,
FAM0093,Frankie Brown and Jordan Anderson,Family,"1376 Main St, City1276, ST, 90001276",ChildA-1276,
FAM0095,Jordan Brown and Elliot White,Family,"1566 Main St, City1466, ST, 90001466",ChildA-1466,
FAM0101,Skylar Nguyen and Jamie Adams,Family,"1469 Main St, City1369, ST, 90001369",ChildA-1369,
FAM0103,Corey Thomas and Payton Rivera,Family,"1767 Main St, City1667, ST, 90001667",,
FAM0105,Harper Thompson and Blake Rogers,Family,"1635 Main St, City1535, ST, 90001535",,
FAM0107,Sawyer Brown and Morgan Anderson,Family,"1979 Main St, City1879, ST, 90001879",,
FAM0110,Reese Parker and Hunter Stewart,Family,"1251 Main St, City1151, ST, 90001151",ChildA-1151,
FAM0112,Blake Martin and Avery Rogers,Family,"1124 Main St, City1024, ST, 90001024",,
FAM0114,Jordan Scott and Phoenix Walker,Family,"2206 Main St, City2106, ST, 90002106",,
FAM0116,Skylar Martin and Payton White,Family,"1829 Main St, City1729, ST, 90001729",ChildA-1729,
FAM0118,Jesse Morris and Eden Walker,Family,"2157 Main St, City2057, ST, 90002057",ChildA-2057,
FAM0123,Taylor Allen and Quinn Evans,Family,"1382 Main St, City1282, ST, 90001282",,
FAM0127,Shannon Edwards and Sawyer Anderson,Family,"1128 Main St, City1028, ST, 90001028",,
FAM0131,Kendall Collins and Alex Stewart,Family,"2012 Main St, City1912, ST, 90001912",ChildA-1912,
FAM0133,Spencer Cook and Morgan Johnson,Family,"1970 Main St, City1870, ST, 90001870",ChildA-1870,
FAM0135,Sydney Martin and Taylor Phillips,Family,"1440 Main St, City1340, ST, 90001340",ChildA-1340,
FAM0139,Riley Allen and Jordan Brown,Family,"2230 Main St, City2130, ST, 90002130",ChildA-2130,
FAM0141,Jordan Torres and Parker Walker,Family,"1206 Main St, City1106, ST, 90001106",,
FAM0144,Robin Thompson and Payton Flores,Family,"1201 Main St, City1101, ST, 90001101",,
FAM0146,Dylan Perez and Logan Edwards,Family,"2283 Main St, City2183, ST, 90002183",ChildA-2183,
FAM0148,Charlie Perez and Corey Flores,Family,"1393 Main St, City1293, ST, 90001293",ChildA-1293,
FAM0152,Logan Edwards and Shannon Evans,Family,"1118 Main St, City1018, ST, 90001018",ChildA-1018,
FAM0154,Jordan King and Dakota King,Family,"1381 Main St, City1281, ST, 90001281",,
FAM0157,Jordan Rivera and Milan Phillips,Family,"1366 Main St, City1266, ST, 90001266",ChildA-1266,
FAM0159,Reese Perez and Jamie Mitchell,Family,"1731 Main St, City1631, ST, 90001631",ChildA-1631,
FAM0161,Sam Roberts and Brooklyn Phillips,Family,"1665 Main St, City1565, ST, 90001565",,
FAM0165,Avery Edwards and Jordan Morris,Family,"1992 Main St, City1892, ST, 90001892",,
FAM0167,Taylor Carter and Spencer Stewart,Family,"1462 Main St, City1362, ST, 90001362",,
FAM0170,Sydney Parker and Casey Harris,Family,"1240 Main St, City1140, ST, 90001140",,
FAM0173,Skylar Walker and Phoenix King,Family,"1709 Main St, City1609, ST, 90001609",ChildA-1609,
FAM0175,Alex Rogers and Milan Taylor,Family,"1620 Main St, City1520, ST, 90001520",ChildA-1520,
FAM0177,Taylor Wright and Corey Walker,Family,"1742 Main St, City1642, ST, 90001642",ChildA-1642,
FAM0179,Spencer Brown and Robin Smith,Family,"2370 Main St, City2270, ST, 90002270",ChildA-2270,
FAM0181,Taylor Allen and Jamie Torres,Family,"1902 Main St, City1802, ST, 90001802",ChildA-1802,
FAM0184,Sam Collins and Sam Mitchell,Family,"1385 Main St, City1285, ST, 90001285",,
FAM0188,Elliot White and Harper Adams,Family,"2274 Main St, City2174, ST, 90002174",ChildA-2174,
FAM0190,Jordan Murphy,Family,"1126 Main St, City1026, ST, 90001026",ChildA-1026,
FAM0193,Avery Collins and Dakota Adams,Family,"1472 Main St, City1372, ST, 90001372",,
FAM0195,Jamie Walker and Jesse Rivera,Family,"1266 Main St, City1166, ST, 90001166",,
FAM0197,Sam Lewis and Jordan Flores,Family,"1985 Main St, City1885, ST, 90001885",ChildA-1885,
FAM0200,Dakota Scott and Avery Taylor,Family,"1756 Main St, City1656, ST, 90001656",ChildA-1656,
FAM0204,Sydney Rogers and Kendall Allen,Family,"1800 Main St, City1700, ST, 90001700",ChildA-1700,
FAM0206,Avery Lewis and Shannon Morris,Family,"2232 Main St, City2132, ST, 90002132",ChildA-2132,
FAM0210,Hunter Anderson and Shannon Lopez,Family,"1569 Main St, City1469, ST, 90001469",ChildA-1469,
FAM0212,Eden King and Eden Adams,Family,"1855 Main St, City1755, ST, 90001755",,
FAM0215,Robin Phillips and Jesse Walker,Family,"1561 Main St, City1461, ST, 90001461",ChildA-1461,
FAM0217,Hunter Harris and Jordan Adams,Family,"1729 Main St, City1629, ST, 90001629",ChildA-1629,
FAM0219,Phoenix Thompson and Milan Adams,Family,"1818 Main St, City1718, ST, 90001718",ChildA-1718,
FAM0223,Riley Clark and Blake Stewart,Family,"1990 Main St, City1890, ST, 90001890",,
FAM0225,Morgan King and Robin Phillips,Family,"2263 Main St, City2163, ST, 90002163",ChildA-2163,
FAM0228,Riley Thompson and Jordan Thomas,Family,"2150 Main St, City2050, ST, 90002050",,
FAM0230,Hunter Cook and Taylor Walker,Family,"1329 Main St, City1229, ST, 90001229",,
FAM0234,Quinn Rivera and Harper Morris,Family,"2068 Main St, City1968, ST, 90001968",ChildA-1968,
FAM0237,Cameron Lewis and Robin Lopez,Family,"2111 Main St, City2011, ST, 90002011",,
FAM0240,Avery Lewis and Casey Young,Family,"2272 Main St, City2172, ST, 90002172",,
FAM0242,Emerson Lopez and Casey Cook,Family,"1522 Main St, City1422, ST, 90001422",,
FAM0244,Payton Adams and Sydney Rogers,Family,"1325 Main St, City1225, ST, 90001225",,
FAM0247,Elliot Clark,Family,"1125 Main St, City1025, ST, 90001025",ChildA-1025,
FAM0251,Sam Mitchell and Shannon Adams,Family,"1145 Main St, City1045, ST, 90001045",ChildA-1045,
FAM0254,Hunter Wright and Shannon Smith,Family,"1769 Main St, City1669, ST, 90001669",ChildA-1669,
FAM0256,Brooklyn Perez and Sam Wright,Family,"1854 Main St, City1754, ST, 90001754",ChildA-1754,
FAM0258,Eden Adams and Sam King,Family,"1135 Main St, City1035, ST, 90001035",,
FAM0262,Jordan Evans and Parker Cook,Family,"1421 Main St, City1321, ST, 90001321",,
FAM0264,Skylar Rivera and Morgan Morris,Family,"1309 Main St, City1209, ST, 90001209",ChildA-1209,
FAM0267,Sawyer Perez and Alex Edwards,Family,"1299 Main St, City1199, ST, 90001199",ChildA-1199,
FAM0269,Phoenix Flores and Frankie Morris,Family,"2338 Main St, City2238, ST, 90002238",,
FAM0272,Parker Anderson and Drew Lewis,Family,"2039 Main St, City1939, ST, 90001939",ChildA-1939,
FAM0274,Taylor Mitchell and Phoenix Taylor,Family,"1502 Main St, City1402, ST, 90001402",ChildA-1402,
FAM0277,Alex Adams and Parker Thompson,Family,"1860 Main St, City1760, ST, 90001760",ChildA-1760,
FAM0280,Blake Flores and Alex Rogers,Family,"1164 Main St, City1064, ST, 90001064",ChildA-1064,
FAM0282,Milan White and Drew Rogers,Family,"2057 Main St, City1957, ST, 90001957",ChildA-1957,
FAM0284,Aubrey Rivera and Dylan Roberts,Family,"1573 Main St, City1473, ST, 90001473",ChildA-1473,
FAM0286,Milan Thomas and Elliot Cook,Family,"1337 Main St, City1237, ST, 90001237",,
FAM0288,Logan Scott and Jordan Harris,Family,"1238 Main St, City1138, ST, 90001138",,
FAM0290,Quinn Carter and Blake Anderson,Family,"1388 Main St, City1288, ST, 90001288",,
FAM0292,Drew Edwards and Milan Young,Family,"1387 Main St, City1287, ST, 90001287",,
FAM0294,Harper Cook and Charlie Cook,Family,"2075 Main St, City1975, ST, 90001975",,
FAM0297,Payton King and Logan Hall,Family,"2125 Main St, City2025, ST, 90002025",ChildA-2025,
FAM0299,Blake Thomas and Spencer Lewis,Family,"1844 Main St, City1744, ST, 90001744",ChildA-1744,
FAM0301,Eden Collins and Emerson Lopez,Family,"1375 Main St, City1275, ST, 90001275",,
FAM0303,Sawyer Phillips and Jesse Young,Family,"1499 Main St, City1399, ST, 90001399",ChildA-1399,
FAM0305,Spencer Morris and Logan Hall,Family,"1330 Main St, City1230, ST, 90001230",ChildA-1230,
FAM0307,Quinn Stewart and Cameron Phillips,Family,"1628 Main St, City1528, ST, 90001528",ChildA-1528,
FAM0309,Aubrey Thomas and Milan Clark,Family,"1373 Main St, City1273, ST, 90001273",,
FAM0311,Reese Edwards and Logan Nguyen,Family,"1411 Main St, City1311, ST, 90001311",ChildA-1311,
FAM0313,Cameron Torres and Aubrey Edwards,Family,"1431 Main St, City1331, ST, 90001331",ChildA-1331,
FAM0315,Kendall Lewis and Corey Martin,Family,"1852 Main St, City1752, ST, 90001752",ChildA-1752,
FAM0318,Payton Morris and Jesse Stewart,Family,"1365 Main St, City1265, ST, 90001265",,
FAM0320,Milan White and Drew Collins,Family,"2217 Main St, City2117, ST, 90002117",ChildA-2117,
FAM0322,Parker Lewis and Robin Scott,Family,"1439 Main St, City1339, ST, 90001339",ChildA-1339,
FAM0325,Hunter Roberts and Sydney Rogers,Family,"2009 Main St, City1909, ST, 90001909",,
FAM0328,Brooklyn Phillips and Robin Rivera,Family,"1614 Main St, City1514, ST, 90001514",,
FAM0331,Skylar Mitchell and Sydney Carter,Family,"1629 Main St, City1529, ST, 90001529",ChildA-1529,
FAM0333,Morgan Adams and Alex Hall,Family,"1623 Main St, City1523, ST, 90001523",ChildA-1523,
FAM0335,Logan Lopez and Payton King,Family,"1598 Main St, City1498, ST, 90001498",ChildA-1498,
FAM0338,Kendall Johnson and Parker Phillips,Family,"1452 Main St, City1352, ST, 90001352",,
FAM0340,Taylor Walker and Drew Lewis,Family,"2022 Main St, City1922, ST, 90001922",,
FAM0343,Frankie Flores and Jordan Edwards,Family,"1176 Main St, City1076, ST, 90001076",,
FAM0345,Jesse Wright and Logan Stewart,Family,"1277 Main St, City1177, ST, 90001177",,
FAM0347,Phoenix Johnson and Robin Edwards,Family,"1458 Main St, City1358, ST, 90001358",ChildA-1358,
FAM0349,Harper Mitchell and Robin Rogers,Family,"2355 Main St, City2255, ST, 90002255",ChildA-2255,
FAM0351,Elliot Evans and Jesse Mitchell,Family,"1314 Main St, City1214, ST, 90001214",,
FAM0354,Dylan Cook and Dakota Edwards,Family,"1923 Main St, City1823, ST, 90001823",ChildA-1823,
FAM0357,Jamie Carter and Elliot Cook,Family,"1306 Main St, City1206, ST, 90001206",ChildA-1206,
FAM0359,Sydney Perez and Emerson Collins,Family,"1320 Main St, City1220, ST, 90001220",ChildA-1220,
FAM0361,Avery Carter and Aubrey Thomas,Family,"1112 Main St, City1012, ST, 90001012",,
FAM0368,Dylan Mitchell and Logan Evans,Family,"1523 Main St, City1423, ST, 90001423",ChildA-1423,
FAM0370,Aubrey Walker and Quinn Clark,Family,"1853 Main St, City1753, ST, 90001753",ChildA-1753,
FAM0373,Quinn Collins and Reese Roberts,Family,"1748 Main St, City1648, ST, 90001648",ChildA-1648,
FAM0376,Spencer Clark and Brooklyn Cook,Family,"1650 Main St, City1550, ST, 90001550",ChildA-1550,
FAM0378,Jordan Campbell and Avery King,Family,"1246 Main St, City1146, ST, 90001146",ChildA-1146,
FAM0381,Logan Brown and Parker Taylor,Family,"1878 Main St, City1778, ST, 90001778",,
FAM0383,Drew Scott and Morgan White,Family,"1587 Main St, City1487, ST, 90001487",ChildA-1487,
FAM0385,Quinn Thomas and Elliot Roberts,Family,"1108 Main St, City1008, ST, 90001008",ChildA-1008,
FAM0387,Blake Scott and Phoenix Brown,Family,"1964 Main St, City1864, ST, 90001864",,
FAM0389,Emerson Lopez and Jordan White,Family,"1602 Main St, City1502, ST, 90001502",ChildA-1502,
FAM0392,Avery White and Jordan Edwards,Family,"1392 Main St, City1292, ST, 90001292",ChildA-1292,
FAM0396,Spencer Lewis and Charlie Harris,Family,"1370 Main St, City1270, ST, 90001270",ChildA-1270,
FAM0398,Corey Murphy and Sawyer Taylor,Family,"1647 Main St, City1547, ST, 90001547",,
FAM0403,Aubrey Martin and Skylar Hall,Family,"1133 Main St, City1033, ST, 90001033",,
FAM0405,Corey Lopez and Charlie Allen,Family,"1567 Main St, City1467, ST, 90001467",ChildA-1467,
FAM0409,Sydney Morris and Emerson Edwards,Family,"1520 Main St, City1420, ST, 90001420",ChildA-1420,
FAM0412,Sam Morris and Kendall Mitchell,Family,"1745 Main St, City1645, ST, 90001645",ChildA-1645,
FAM0415,Phoenix Harris and Aubrey Edwards,Family,"1698 Main St, City1598, ST, 90001598",ChildA-1598,
FAM0417,Brooklyn Martin and Sam Mitchell,Family,"1374 Main St, City1274, ST, 90001274",,
FAM0419,Drew Rogers and Sawyer Rivera,Family,"1507 Main St, City1407, ST, 90001407",,
FAM0422,Milan Hall and Morgan Harris,Family,"2017 Main St, City1917, ST, 90001917",ChildA-1917,
FAM0424,Cameron Taylor and Shannon Anderson,Family,"1191 Main St, City1091, ST, 90001091",ChildA-1091,
FAM0426,Payton Cook and Riley Martin,Family,"1525 Main St, City1425, ST, 90001425",ChildA-1425,
FAM0428,Drew Brown and Charlie Scott,Family,"1427 Main St, City1327, ST, 90001327",ChildA-1327,
FAM0431,Dakota Edwards and Dylan Allen,Family,"1556 Main St, City1456, ST, 90001456",,
FAM0433,Logan Harris and Corey Rogers,Family,"1398 Main St, City1298, ST, 90001298",,
FAM0435,Brooklyn Wright and Emerson Torres,Family,"1294 Main St, City1194, ST, 90001194",ChildA-1194,
FAM0439,Jamie Clark and Jordan Mitchell,Family,"1186 Main St, City1086, ST, 90001086",,
FAM0442,Harper Rivera and Phoenix Campbell,Family,"1395 Main St, City1295, ST, 90001295",,
FAM0445,Emerson King and Alex Cook,Family,"2122 Main St, City2022, ST, 90002022",ChildA-2022,
FAM0447,Reese Hall and Harper Roberts,Family,"1371 Main St, City1271, ST, 90001271",ChildA-1271,
FAM0453,Jamie Scott and Casey Stewart,Family,"1146 Main St, City1046, ST, 90001046",ChildA-1046,
FAM0457,Blake Carter and Quinn Cook,Family,"1404 Main St, City1304, ST, 90001304",ChildA-1304,
FAM0464,Avery Young and Parker Young,Family,"2152 Main St, City2052, ST, 90002052",ChildA-2052,
FAM0468,Taylor Collins and Quinn Martin,Family,"1582 Main St, City1482, ST, 90001482",ChildA-1482,
FAM0472,Casey Thomas and Reese Phillips,Family,"1104 Main St, City1004, ST, 90001004",ChildA-1004,
FAM0474,Frankie Thompson and Charlie Stewart,Family,"1296 Main St, City1196, ST, 90001196",,
FAM0476,Harper Allen and Spencer Thomas,Family,"1715 Main St, City1615, ST, 90001615",,
FAM0478,Eden Perez and Riley Murphy,Family,"1295 Main St, City1195, ST, 90001195",ChildA-1195,
FAM0480,Morgan Parker and Sydney Roberts,Family,"1983 Main St, City1883, ST, 90001883",ChildA-1883,
FAM0483,Sydney Johnson and Cameron Cook,Family,"1840 Main St, City1740, ST, 90001740",ChildA-1740,
FAM0485,Jamie Edwards and Brooklyn King,Family,"1346 Main St, City1246, ST, 90001246",,
FAM0487,Sydney Allen and Casey White,Family,"1280 Main St, City1180, ST, 90001180",ChildA-1180,
FAM0489,Dakota Hall and Milan Johnson,Family,"2396 Main St, City2296, ST, 90002296",ChildA-2296,
FAM0491,Phoenix Torres and Harper Harris,Family,"1218 Main St, City1118, ST, 90001118",ChildA-1118,
FAM0494,Milan Thomas and Drew Rivera,Family,"1297 Main St, City1197, ST, 90001197",ChildA-1197,
FAM0497,Jordan Murphy and Jamie Martin,Family,"1741 Main St, City1641, ST, 90001641",,
FAM0500,Jamie Murphy and Riley Cook,Family,"1426 Main St, City1326, ST, 90001326",,
FAM0502,Morgan Mitchell and Eden Stewart,Family,"1543 Main St, City1443, ST, 90001443",ChildA-1443,
FAM0506,Spencer Evans and Payton Rivera,Family,"1850 Main St, City1750, ST, 90001750",ChildA-1750,
FAM0509,Alex Rivera and Phoenix Nguyen,Family,"1300 Main St, City1200, ST, 90001200",ChildA-1200,
FAM0515,Alex Lewis and Drew Roberts,Family,"1460 Main St, City1360, ST, 90001360",ChildA-1360,
FAM0517,Reese Taylor and Quinn Rivera,Family,"1771 Main St, City1671, ST, 90001671",ChildA-1671,
FAM0520,Robin Evans and Avery Hall,Family,"1321 Main St, City1221, ST, 90001221",ChildA-1221,
FAM0522,Milan Mitchell and Aubrey Lopez,Family,"1657 Main St, City1557, ST, 90001557",,
FAM0527,Riley Johnson and Harper Smith,Family,"1910 Main St, City1810, ST, 90001810",,
FAM0530,Alex Lewis and Sydney Adams,Family,"1260 Main St, City1160, ST, 90001160",ChildA-1160,
FAM0532,Robin Wright and Hunter Lewis,Family,"1281 Main St, City1181, ST, 90001181",ChildA-1181,
FAM0536,Charlie Thompson and Jamie Edwards,Family,"1473 Main St, City1373, ST, 90001373",ChildA-1373,
FAM0538,Charlie Lopez and Emerson Roberts,Family,"1433 Main St, City1333, ST, 90001333",ChildA-1333,
FAM0540,Jordan Rivera and Jordan Stewart,Family,"1846 Main St, City1746, ST, 90001746",ChildA-1746,
FAM0542,Jesse Thomas and Jamie Campbell,Family,"1317 Main St, City1217, ST, 90001217",ChildA-1217,
FAM0545,Aubrey Edwards and Sawyer Nguyen,Family,"1253 Main St, City1153, ST, 90001153",ChildA-1153,
FAM0548,Milan Lewis and Logan Phillips,Family,"1777 Main St, City1677, ST, 90001677",ChildA-1677,
FAM0550,Cameron Evans and Cameron Walker,Family,"1151 Main St, City1051, ST, 90001051",ChildA-1051,
FAM0552,Elliot Lewis and Skylar Phillips,Family,"1114 Main St, City1014, ST, 90001014",ChildA-1014,
FAM0554,Jordan Phillips and Shannon Flores,Family,"1886 Main St, City1786, ST, 90001786",ChildA-1786,
FAM0558,Shannon Stewart and Jamie Flores,Family,"1968 Main St, City1868, ST, 90001868",,
FAM0562,Skylar Smith and Alex Thompson,Family,"1669 Main St, City1569, ST, 90001569",,
FAM0564,Shannon Edwards and Jordan Lewis,Family,"1608 Main St, City1508, ST, 90001508",,
FAM0566,Quinn Clark and Emerson Nguyen,Family,"2188 Main St, City2088, ST, 90002088",ChildA-2088,
FAM0568,Jordan Lopez and Casey Stewart,Family,"2501 Main St, City2401, ST, 90002401",ChildA-2401,
FAM0570,Quinn Edwards and Jesse Rogers,Family,"1468 Main St, City1368, ST, 90001368",ChildA-1368,
FAM0574,Sam Walker and Dakota Mitchell,Family,"2345 Main St, City2245, ST, 90002245",ChildA-2245,
FAM0577,Charlie Edwards and Brooklyn Adams,Family,"2153 Main St, City2053, ST, 90002053",ChildA-2053,
FAM0579,Reese Harris and Eden Smith,Family,"2051 Main St, City1951, ST, 90001951",,
FAM0586,Charlie Harris and Taylor Allen,Family,"1153 Main St, City1053, ST, 90001053",ChildA-1053,
FAM0589,Frankie Campbell and Charlie Lopez,Family,"1496 Main St, City1396, ST, 90001396",ChildA-1396,
FAM0591,Reese Martin and Parker Collins,Family,"1291 Main St, City1191, ST, 90001191",ChildA-1191,
FAM0593,Dakota Campbell and Hunter Rivera,Family,"1316 Main St, City1216, ST, 90001216",ChildA-1216,
FAM0595,Milan King and Jordan Morris,Family,"2137 Main St, City2037, ST, 90002037",ChildA-2037,
FAM0599,Charlie Carter and Logan Brown,Family,"1553 Main St, City1453, ST, 90001453",,
FAM0602,Parker Nguyen and Dakota Harris,Family,"1839 Main St, City1739, ST, 90001739",,
FAM0604,Payton Scott and Casey Torres,Family,"2005 Main St, City1905, ST, 90001905",ChildA-1905,
FAM0606,Dylan Morris and Hunter Campbell,Family,"1483 Main St, City1383, ST, 90001383",,
FAM0609,Shannon Stewart and Emerson Adams,Family,"1688 Main St, City1588, ST, 90001588",,
FAM0616,Brooklyn Perez and Quinn Parker,Family,"1254 Main St, City1154, ST, 90001154",ChildA-1154,
FAM0618,Taylor Cook and Jesse Evans,Family,"1182 Main St, City1082, ST, 90001082",ChildA-1082,
FAM0621,Sam Edwards and Avery Roberts,Family,"1185 Main St, City1085, ST, 90001085",ChildA-1085,
FAM0623,Dakota Campbell and Hunter Adams,Family,"1356 Main St, City1256, ST, 90001256",,
FAM0625,Eden Lewis and Blake Clark,Family,"1455 Main St, City1355, ST, 90001355",ChildA-1355,
FAM0627,Robin Allen and Jordan Hall,Family,"1121 Main St, City1021, ST, 90001021",,
FAM0631,Eden Rivera and Skylar Morris,Family,"1255 Main St, City1155, ST, 90001155",ChildA-1155,
FAM0638,Jamie Stewart,Family,"1746 Main St, City1646, ST, 90001646",,
FAM0640,Blake Adams and Spencer Johnson,Family,"1684 Main St, City1584, ST, 90001584",,
FAM0645,Morgan Mitchell and Shannon Rivera,Family,"1943 Main St, City1843, ST, 90001843",ChildA-1843,
FAM0656,Shannon Lopez and Casey Cook,Family,"1488 Main St, City1388, ST, 90001388",ChildA-1388,
FAM0659,Kendall Clark and Sam Anderson,Family,"1932 Main St, City1832, ST, 90001832",ChildA-1832,
FAM0662,Sydney Clark and Jamie Carter,Family,"1360 Main St, City1260, ST, 90001260",,
FAM0664,Cameron Parker and Dylan Clark,Family,"1631 Main St, City1531, ST, 90001531",ChildA-1531,
FAM0666,Shannon Hall and Spencer Perez,Family,"1768 Main St, City1668, ST, 90001668",,
FAM0669,Dylan Stewart and Elliot Cook,Family,"1283 Main St, City1183, ST, 90001183",ChildA-1183,
FAM0671,Drew Torres and Jordan Stewart,Family,"1187 Main St, City1087, ST, 90001087",ChildA-1087,
FAM0673,Shannon Walker and Sydney Wright,Family,"2328 Main St, City2228, ST, 90002228",,
FAM0676,Kendall Murphy and Corey Morris,Family,"1132 Main St, City1032, ST, 90001032",ChildA-1032,
FAM0678,Dylan Walker and Payton Young,Family,"1203 Main St, City1103, ST, 90001103",ChildA-1103,
FAM0680,Shannon King and Payton Roberts,Family,"1248 Main St, City1148, ST, 90001148",ChildA-1148,
FAM0686,Harper Harris and Payton Torres,Family,"1755 Main St, City1655, ST, 90001655",ChildA-1655,
FAM0688,Frankie Murphy and Eden Carter,Family,"1256 Main St, City1156, ST, 90001156",ChildA-1156,
FAM0690,Drew Martin and Alex Morris,Family,"2027 Main St, City1927, ST, 90001927",ChildA-1927,
FAM0692,Blake Hall and Reese Flores,Family,"1171 Main St, City1071, ST, 90001071",ChildA-1071,
FAM0694,Hunter Murphy and Logan Thompson,Family,"1889 Main St, City1789, ST, 90001789",ChildA-1789,
FAM0698,Dylan Cook and Cameron Young,Family,"2043 Main St, City1943, ST, 90001943",ChildA-1943,
FAM0700,Charlie Thomas and Casey Cook,Family,"1273 Main St, City1173, ST, 90001173",ChildA-1173,
FAM0702,Phoenix Carter and Eden Allen,Family,"1858 Main St, City1758, ST, 90001758",,
FAM0705,Phoenix Torres and Taylor Flores,Family,"2138 Main St, City2038, ST, 90002038",ChildA-2038,
FAM0709,Avery Roberts and Jordan Morris,Family,"1552 Main St, City1452, ST, 90001452",ChildA-1452,
FAM0711,Drew White and Shannon Phillips,Family,"1107 Main St, City1007, ST, 90001007",ChildA-1007,
FAM0713,Shannon Wright and Riley Lopez,Family,"1328 Main St, City1228, ST, 90001228",,
FAM0715,Robin Carter and Payton White,Family,"1401 Main St, City1301, ST, 90001301",ChildA-1301,
FAM0719,Riley Walker and Frankie Rogers,Family,"1390 Main St, City1290, ST, 90001290",,
FAM0721,Alex Lopez and Brooklyn Rivera,Family,"1540 Main St, City1440, ST, 90001440",ChildA-1440,
FAM0723,Taylor Torres and Hunter Taylor,Family,"1142 Main St, City1042, ST, 90001042",ChildA-1042,
FAM0725,Frankie Thomas and Avery Perez,Family,"1136 Main St, City1036, ST, 90001036",ChildA-1036,
FAM0727,Milan Carter and Morgan Stewart,Family,"1897 Main St, City1797, ST, 90001797",ChildA-1797,
FAM0729,Frankie Thompson and Phoenix Campbell,Family,"1416 Main St, City1316, ST, 90001316",ChildA-1316,
FAM0731,Riley Carter and Cameron Allen,Family,"1430 Main St, City1330, ST, 90001330",,
FAM0734,Milan Edwards and Reese Edwards,Family,"1257 Main St, City1157, ST, 90001157",,
FAM0736,Logan Carter and Drew King,Family,"1758 Main St, City1658, ST, 90001658",ChildA-1658,
FAM0741,Avery Johnson and Hunter Adams,Family,"1312 Main St, City1212, ST, 90001212",ChildA-1212,
FAM0743,Alex Cook and Dylan Thomas,Family,"1580 Main St, City1480, ST, 90001480",ChildA-1480,
FAM0746,Milan Brown and Brooklyn Allen,Family,"1217 Main St, City1117, ST, 90001117",,
FAM0748,Emerson Clark and Sam Collins,Family,"1762 Main St, City1662, ST, 90001662",ChildA-1662,
FAM0752,Emerson Rogers and Harper Perez,Family,"1322 Main St, City1222, ST, 90001222",,
FAM0754,Sawyer Johnson and Quinn Carter,Family,"1579 Main St, City1479, ST, 90001479",,
FAM0756,Reese Lewis and Jordan Clark,Family,"2131 Main St, City2031, ST, 90002031",,
FAM0758,Skylar Evans and Aubrey Allen,Family,"2269 Main St, City2169, ST, 90002169",ChildA-2169,
FAM0760,Corey Roberts and Dylan Smith,Family,"1127 Main St, City1027, ST, 90001027",ChildA-1027,
FAM0762,Avery Lewis and Blake Young,Family,"1232 Main St, City1132, ST, 90001132",,
FAM0765,Cameron Taylor and Jordan Morris,Family,"1311 Main St, City1211, ST, 90001211",ChildA-1211,
FAM0767,Jamie Young and Jordan Thompson,Family,"1106 Main St, City1006, ST, 90001006",,
FAM0769,Avery Lopez and Spencer White,Family,"1672 Main St, City1572, ST, 90001572",ChildA-1572,
FAM0775,Phoenix Thomas and Sydney Taylor,Family,"1538 Main St, City1438, ST, 90001438",ChildA-1438,
FAM0777,Morgan Thomas and Sydney Torres,Family,"2103 Main St, City2003, ST, 90002003",,
FAM0781,Sawyer Thompson and Drew Evans,Family,"1899 Main St, City1799, ST, 90001799",ChildA-1799,
FAM0783,Spencer Morris and Reese Wright,Family,"1530 Main St, City1430, ST, 90001430",,
FAM0785,Skylar Young and Frankie Thomas,Family,"2349 Main St, City2249, ST, 90002249",,
FAM0787,Brooklyn Evans and Frankie Evans,Family,"1574 Main St, City1474, ST, 90001474",,
FAM0789,Phoenix Nguyen and Sawyer Collins,Family,"2098 Main St, City1998, ST, 90001998",ChildA-1998,
FAM0793,Skylar Brown and Kendall Edwards,Family,"1389 Main St, City1289, ST, 90001289",,
FAM0795,Dylan Carter and Brooklyn Hall,Family,"1323 Main St, City1223, ST, 90001223",,
FAM0797,Shannon Campbell and Cameron Anderson,Family,"1368 Main St, City1268, ST, 90001268",ChildA-1268,
FAM0799,Aubrey Murphy and Morgan Campbell,Family,"1733 Main St, City1633, ST, 90001633",ChildA-1633,
FAM0801,Jordan Martin and Jesse Hall,Family,"1221 Main St, City1121, ST, 90001121",ChildA-1121,
FAM0804,Sawyer Johnson and Cameron Phillips,Family,"1379 Main St, City1279, ST, 90001279",ChildA-1279,
FAM0806,Brooklyn Martin and Dakota Phillips,Family,"1654 Main St, City1554, ST, 90001554",ChildA-1554,
FAM0809,Morgan Lewis and Sydney Lopez,Family,"1183 Main St, City1083, ST, 90001083",ChildA-1083,
FAM0811,Casey Clark and Charlie Young,Family,"1704 Main St, City1604, ST, 90001604",,
FAM0815,Drew Martin and Payton Cook,Family,"1547 Main St, City1447, ST, 90001447",,
FAM0818,Aubrey Lewis and Riley Walker,Family,"1293 Main St, City1193, ST, 90001193",ChildA-1193,
FAM0820,Skylar Collins and Drew Rivera,Family,"2149 Main St, City2049, ST, 90002049",ChildA-2049,
FAM0822,Cameron Campbell and Avery Morris,Family,"1351 Main St, City1251, ST, 90001251",,
FAM0824,Robin King and Blake Perez,Family,"1801 Main St, City1701, ST, 90001701",,
FAM0828,Jesse Cook and Parker Hall,Family,"1157 Main St, City1057, ST, 90001057",ChildA-1057,
FAM0831,Payton Taylor and Morgan Perez,Family,"2165 Main St, City2065, ST, 90002065",ChildA-2065,
FAM0833,Sawyer Flores and Corey Clark,Family,"1539 Main St, City1439, ST, 90001439",ChildA-1439,
FAM0835,Jesse Lewis and Charlie Parker,Family,"1517 Main St, City1417, ST, 90001417",ChildA-1417,
FAM0842,Logan Scott and Jesse Hall,Family,"2118 Main St, City2018, ST, 90002018",ChildA-2018,
FAM0844,Avery Carter and Jordan Thomas,Family,"1872 Main St, City1772, ST, 90001772",ChildA-1772,
FAM0846,Logan Thompson and Jesse Edwards,Family,"1198 Main St, City1098, ST, 90001098",ChildA-1098,
FAM0852,Aubrey Rogers and Jesse Campbell,Family,"1933 Main St, City1833, ST, 90001833",ChildA-1833,
FAM0854,Hunter Rogers and Skylar Stewart,Family,"1369 Main St, City1269, ST, 90001269",,
FAM0856,Alex Lewis and Quinn Scott,Family,"1500 Main St, City1400, ST, 90001400",,
FAM0858,Charlie Johnson and Payton Cook,Family,"1193 Main St, City1093, ST, 90001093",ChildA-1093,
FAM0860,Morgan Allen and Frankie Young,Family,"1783 Main St, City1683, ST, 90001683",ChildA-1683,
FAM0862,Corey Harris and Morgan Torres,Family,"1247 Main St, City1147, ST, 90001147",ChildA-1147,
FAM0864,Sam Wright and Drew Johnson,Family,"2425 Main St, City2325, ST, 90002325",ChildA-2325,
FAM0867,Brooklyn White and Avery Campbell,Family,"1334 Main St, City1234, ST, 90001234",,
FAM0871,Logan Rivera and Cameron Stewart,Family,"2038 Main St, City1938, ST, 90001938",ChildA-1938,
FAM0873,Spencer Campbell and Taylor Phillips,Family,"1410 Main St, City1310, ST, 90001310",,
FAM0876,Taylor Anderson and Reese Lewis,Family,"1342 Main St, City1242, ST, 90001242",,
FAM0878,Dakota Stewart and Taylor Johnson,Family,"2236 Main St, City2136, ST, 90002136",ChildA-2136,
FAM0881,Skylar Morris and Skylar King,Family,"1909 Main St, City1809, ST, 90001809",,
FAM0883,Robin Flores and Alex Murphy,Family,"2121 Main St, City2021, ST, 90002021",ChildA-2021,
FAM0885,Dylan Thompson and Jordan Brown,Family,"1763 Main St, City1663, ST, 90001663",,
FAM0887,Morgan Scott and Emerson Brown,Family,"1703 Main St, City1603, ST, 90001603",ChildA-1603,
FAM0889,Corey Flores and Spencer Smith,Family,"1687 Main St, City1587, ST, 90001587",ChildA-1587,
FAM0891,Riley Perez and Jordan Martin,Family,"1190 Main St, City1090, ST, 90001090",,
FAM0893,Reese Walker and Charlie Walker,Family,"1451 Main St, City1351, ST, 90001351",ChildA-1351,
FAM0895,Sam Phillips and Sam Rogers,Family,"1105 Main St, City1005, ST, 90001005",ChildA-1005,
FAM0896,Emerson Mitchell and Riley Taylor,Family,"1482 Main St, City1382, ST, 90001382",ChildA-2775,
FAM0897,Harper Morris and Quinn Martin,Family,"1484 Main St, City1382, ST, 90001382",ChildA-1482,
FAM0898,Jordan Clark and Cameron Wright,Family,"2261 Main St, City2161, ST, 90002161",,
FAM0900,Dakota Walker and Robin Campbell,Family,"1156 Main St, City1056, ST, 90001056",,
FAM0902,Payton White and Jamie Brown,Family,"1805 Main St, City1705, ST, 90001705",,
FAM0904,Jesse Murphy and Riley Stewart,Family,"1957 Main St, City1857, ST, 90001857",ChildA-1857,
FAM0906,Parker Morris and Harper Cook,Family,"1399 Main St, City1299, ST, 90001299",,
FAM0908,Charlie Carter and Taylor Murphy,Family,"1593 Main St, City1493, ST, 90001493",,
FAM0911,Sydney Torres and Payton Scott,Family,"1400 Main St, City1300, ST, 90001300",ChildA-1300,
FAM0914,Eden Edwards and Frankie Carter,Family,"2215 Main St, City2115, ST, 90002115",,
FAM0916,Spencer Rivera and Quinn Harris,Family,"1930 Main St, City1830, ST, 90001830",ChildA-1830,
FAM0918,Harper Allen and Dakota Evans,Family,"1595 Main St, City1495, ST, 90001495",ChildA-1495,
FAM0920,Elliot Stewart and Dakota Taylor,Family,"1554 Main St, City1454, ST, 90001454",ChildA-1454,
FAM0922,Robin White and Riley Morris,Family,"1881 Main St, City1781, ST, 90001781",ChildA-1781,
FAM0924,Payton Wright and Sawyer Walker,Family,"1765 Main St, City1665, ST, 90001665",,
FAM0926,Corey Campbell and Harper White,Family,"2407 Main St, City2307, ST, 90002307",ChildA-2307,
FAM0928,Dakota Adams and Morgan King,Family,"1636 Main St, City1536, ST, 90001536",,
FAM0930,Avery Smith and Sam Carter,Family,"2032 Main St, City1932, ST, 90001932",ChildA-1932,
FAM0932,Reese Taylor and Milan Murphy,Family,"1571 Main St, City1471, ST, 90001471",,
FAM0934,Parker Brown and Jordan Rivera,Family,"1279 Main St, City1179, ST, 90001179",ChildA-1179,
FAM0937,Harper Adams and Avery Johnson,Family,"1315 Main St, City1215, ST, 90001215",ChildA-1215,
FAM0939,Sam Rogers and Quinn Lewis,Family,"1345 Main St, City1245, ST, 90001245",,
FAM0941,Shannon King and Parker Thompson,Family,"1648 Main St, City1548, ST, 90001548",,
FAM0943,Casey Torres and Casey Evans,Family,"2144 Main St, City2044, ST, 90002044",,
FAM0945,Spencer Morris and Emerson Anderson,Family,"1962 Main St, City1862, ST, 90001862",,
FAM0947,Hunter Wright and Parker Johnson,Family,"2279 Main St, City2179, ST, 90002179",ChildA-2179,
FAM0949,Blake Mitchell and Hunter Morris,Family,"1129 Main St, City1029, ST, 90001029",,
FAM0951,Reese Anderson and Jordan Lopez,Family,"1851 Main St, City1751, ST, 90001751",ChildA-1751,
FAM0954,Parker Phillips and Elliot Parker,Family,"1119 Main St, City1019, ST, 90001019",,
FAM0956,Reese Thomas and Dylan Smith,Family,"1891 Main St, City1791, ST, 90001791",,
FAM0958,Sydney Roberts and Jamie Carter,Family,"1560 Main St, City1460, ST, 90001460",ChildA-1460,
FAM0961,Taylor Cook and Elliot Clark,Family,"1782 Main St, City1682, ST, 90001682",,
FAM0963,Jamie Harris and Harper Edwards,Family,"1466 Main St, City1366, ST, 90001366",ChildA-1366,
FAM0965,Morgan Taylor and Skylar Evans,Family,"1143 Main St, City1043, ST, 90001043",ChildA-1043,
FAM0969,Harper Lopez and Corey Scott,Family,"2115 Main St, City2015, ST, 90002015",ChildA-2015,
FAM0971,Casey Lewis and Alex Anderson,Family,"1144 Main St, City1044, ST, 90001044",ChildA-1044,
FAM0973,Sydney Evans and Aubrey Rogers,Family,"1120 Main St, City1020, ST, 90001020",,
FAM0976,Logan Rivera and Hunter Thompson,Family,"1278 Main St, City1178, ST, 90001178",,
FAM0979,Cameron Anderson and Drew Scott,Family,"1671 Main St, City1571, ST, 90001571",ChildA-1571,
FAM0981,Kendall Allen and Dylan Collins,Family,"1172 Main St, City1072, ST, 90001072",,
FAM0983,Skylar Martin and Taylor Harris,Family,"1749 Main St, City1649, ST, 90001649",ChildA-1649,
FAM0985,Eden Anderson and Avery Adams,Family,"2175 Main St, City2075, ST, 90002075",ChildA-2075,
FAM0988,Brooklyn Taylor and Aubrey Martin,Family,"1774 Main St, City1674, ST, 90001674",,
FAM0991,Phoenix King and Parker Walker,Family,"1178 Main St, City1078, ST, 90001078",,
FAM0993,Dylan King and Harper Perez,Family,"1643 Main St, City1543, ST, 90001543",,
FAM0995,Casey Thompson and Jordan King,Family,"1504 Main St, City1404, ST, 90001404",ChildA-1404,
FAM0997,Sawyer Campbell and Eden Adams,Family,"1779 Main St, City1679, ST, 90001679",,
FAM1001,Shannon Lopez and Emerson Johnson,Family,"1168 Main St, City1068, ST, 90001068",,
FAM1003,Sawyer Flores,Family,"1139 Main St, City1039, ST, 90001039",,
FAM1004,Riley Carter and Aubrey Hall,Family,"2030 Main St, City1930, ST, 90001930",,
FAM1008,Skylar Perez and Aubrey Lopez,Family,"1269 Main St, City1169, ST, 90001169",,
FAM1010,Logan Morris and Quinn Adams,Family,"1798 Main St, City1698, ST, 90001698",ChildA-1698,
FAM1011,Jesse Phillips and Sawyer Perez,Family,"1637 Main St, City1537, ST, 90001537",ChildA-1537,
FAM1013,Casey Brown and Brooklyn Clark,Family,"1184 Main St, City1084, ST, 90001084",,
FAM1015,Jamie Stewart and Dakota Hall,Family,"1706 Main St, City1606, ST, 90001606",,
FAM1018,Frankie Flores and Jamie Rogers,Family,"1456 Main St, City1356, ST, 90001356",ChildA-1356,
FAM1020,Riley Walker and Charlie Nguyen,Family,"1950 Main St, City1850, ST, 90001850",,
FAM1022,Hunter King and Aubrey Murphy,Family,"1809 Main St, City1709, ST, 90001709",ChildA-1709,
FAM1024,Quinn Young and Charlie White,Family,,ChildA-1248,
FAM1026,Jordan Morris and Sawyer Johnson,Family,,,
FAM1028,Frankie Evans and Dylan Young,Family,,,
FAM1030,Frankie Nguyen and Taylor Collins,Family,,,
FAM1032,Jordan Lopez and Shannon Edwards,Family,"1981 Main St, City1881, ST, 90001881",,
FAM1035,Parker Mitchell and Jordan Johnson,Family,"1639 Main St, City1539, ST, 90001539",,
FAM1037,Milan Roberts and Logan Clark,Family,,,
FAM1039,Eden Taylor and Reese Anderson,Family,,,
FAM1148,Quinn Lewis,Family,,,
FAM1165,Dylan Evans and Jordan Campbell,Family,,,
FAM1186,Phoenix Campbell,Family,,,
FAM1205,Drew Perez and Eden Stewart,Family,,,
FAM1268,Aubrey Allen and Charlie Mitchell,Family,,ChildA-1933,
FAM1409,Alex Roberts and Brooklyn Thomas,Family,,,
FAM1414,Taylor Walker and Payton Carter,Family,,,
FAM1427,Charlie White and Elliot Thomas,Family,,,
FAM1430,Logan Adams and Taylor Smith,Family,,,
FAM1432,Frankie Thomas and Skylar Wright,Family,,,
FAM1441,Eden Nguyen and Sawyer Stewart,Family,,,
FAM1450,Avery Stewart and Dylan Hall,Family,,,
FAM1465,Phoenix Collins and Sawyer Johnson,Family,,,
FAM1471,Alex Torres and Jamie Taylor,Family,,,
FAM1503,Elliot Collins and Payton Carter,Family,,,
IND0002,Sawyer Parker,Individual,"1219 Main St, City1119, ST, 90001119",ChildA-1119,
IND0003,Sydney Morris,Individual,"1680 Main St, City1580, ST, 90001580",,
IND0010,Taylor Rogers,Individual,"1102 Main St, City1002, ST, 90001002",ChildA-1002,
IND0011,Brooklyn Lopez,Individual,"1894 Main St, City1794, ST, 90001794",ChildA-1794,
IND0018,Taylor Phillips,Individual,"2502 Main St, City2402, ST, 90002402",ChildA-2402,
IND0019,Taylor Thompson,Individual,"2382 Main St, City2282, ST, 90002282",ChildA-2282,
IND0026,Phoenix Young,Individual,"2458 Main St, City2358, ST, 90002358",ChildA-2358,
IND0029,Payton Carter,Individual,"1285 Main St, City1185, ST, 90001185",ChildA-1185,
IND0040,Reese Carter,Individual,"1811 Main St, City1711, ST, 90001711",ChildA-1711,
IND0041,Frankie Anderson,Individual,"1216 Main St, City1116, ST, 90001116",ChildA-1116,
IND0042,Dakota Rivera,Individual,"2196 Main St, City2096, ST, 90002096",ChildA-2096,
IND0049,Robin Rogers,Individual,"2401 Main St, City2301, ST, 90002301",,
IND0052,Casey King,Individual,"2104 Main St, City2004, ST, 90002004",,
IND0079,Riley Lewis,Individual,"1270 Main St, City1170, ST, 90001170",,
IND0092,Morgan Lopez,Individual,"1103 Main St, City1003, ST, 90001003",ChildA-1003,
IND0097,Jamie Roberts,Individual,"1586 Main St, City1486, ST, 90001486",ChildA-1486,
IND0098,Jesse Stewart,Individual,"2517 Main St, City2417, ST, 90002417",,
IND0099,Jamie Anderson,Individual,"1386 Main St, City1286, ST, 90001286",ChildA-1286,
IND0100,Riley Cook,Individual,"1830 Main St, City1730, ST, 90001730",,
IND0109,Eden Wright,Individual,"1935 Main St, City1835, ST, 90001835",,
IND0120,Payton Carter,Individual,"1165 Main St, City1065, ST, 90001065",ChildA-1065,
IND0121,Parker Smith,Individual,"2599 Main St, City2499, ST, 90002499",ChildA-2499,
IND0122,Sam Harris,Individual,"1265 Main St, City1165, ST, 90001165",ChildA-1165,
IND0125,Dylan Collins,Individual,"1603 Main St, City1503, ST, 90001503",ChildA-1503,
IND0126,Sydney Carter,Individual,"2320 Main St, City2220, ST, 90002220",ChildA-2220,
IND0129,Sam Evans,Individual,"1585 Main St, City1485, ST, 90001485",ChildA-1485,
IND0130,Elliot Johnson,Individual,"2034 Main St, City1934, ST, 90001934",ChildA-1934,
IND0137,Eden Anderson,Individual,"1655 Main St, City1555, ST, 90001555",,
IND0138,Cameron Martin,Individual,"2551 Main St, City2451, ST, 90002451",ChildA-2451,
IND0143,Spencer Parker,Individual,"2330 Main St, City2230, ST, 90002230",ChildA-2230,
IND0150,Robin White,Individual,"1921 Main St, City1821, ST, 90001821",ChildA-1821,
IND0151,Elliot Harris,Individual,"1754 Main St, City1654, ST, 90001654",ChildA-1654,
IND0156,Dylan Campbell,Individual,"2523 Main St, City2423, ST, 90002423",ChildA-2423,
IND0163,Corey Stewart,Individual,"1807 Main St, City1707, ST, 90001707",ChildA-1707,
IND0164,Alex Lopez,Individual,"2500 Main St, City2400, ST, 90002400",ChildA-2400,
IND0169,Riley White,Individual,"1470 Main St, City1370, ST, 90001370",ChildA-1370,
IND0172,Cameron Stewart,Individual,"1231 Main St, City1131, ST, 90001131",ChildA-1370,
IND0183,Skylar Scott,Individual,"1869 Main St, City1769, ST, 90001769",ChildA-1131,
IND0186,Casey Evans and Avery Hall,Individual,"1384 Main St, City1284, ST, 90001284",ChildA-1769,
IND0187,Casey Campbell and Quinn White,Individual,"1264 Main St, City1164, ST, 90001164",,
IND0191,Spencer Thompson,Individual,"2290 Main St, City2190, ST, 90002190",,
IND0192,Harper Adams,Individual,"1115 Main St, City1015, ST, 90001015",ChildA-2190,
IND0199,Phoenix Taylor,Individual,"2538 Main St, City2438, ST, 90002438",,
IND0202,Quinn Collins,Individual,"2508 Main St, City2408, ST, 90002408",ChildA-2438,
IND0203,Riley Anderson,Individual,"2190 Main St, City2090, ST, 90002090",ChildA-2408,
IND0208,Hunter Flores,Individual,"1409 Main St, City1309, ST, 90001309",ChildA-2090,
IND0209,Milan Edwards,Individual,"1737 Main St, City1637, ST, 90001637",ChildA-1309,
IND0214,Corey Walker,Individual,"2287 Main St, City2187, ST, 90002187",ChildA-1637,
IND0221,Aubrey Nguyen,Individual,"2493 Main St, City2393, ST, 90002393",,
IND0222,Parker Rivera,Individual,"2199 Main St, City2099, ST, 90002099",,
IND0227,Shannon Smith,Individual,"1928 Main St, City1828, ST, 90001828",,
IND0233,Kendall White,Individual,"2092 Main St, City1992, ST, 90001992",ChildA-1992,
IND0236,Blake White,Individual,"2564 Main St, City2464, ST, 90002464",ChildA-2464,
IND0239,Robin Clark,Individual,"1521 Main St, City1421, ST, 90001421",,
IND0246,Alex Brown,Individual,"1980 Main St, City1880, ST, 90001880",,
IND0250,Cameron Carter,Individual,"2191 Main St, City2091, ST, 90002091",ChildA-2091,
IND0253,Spencer Thompson,Individual,"1570 Main St, City1470, ST, 90001470",,
IND0260,Riley Young,Individual,"2350 Main St, City2250, ST, 90002250",ChildA-2250,
IND0261,Quinn Murphy,Individual,"2028 Main St, City1928, ST, 90001928",ChildA-1928,
IND0266,Aubrey Rivera,Individual,"1613 Main St, City1513, ST, 90001513",ChildA-1513,
IND0271,Jordan Murphy,Individual,"1606 Main St, City1506, ST, 90001506",,
IND0276,Phoenix Collins,Individual,"1418 Main St, City1318, ST, 90001318",ChildA-1318,
IND0279,Jordan Rivera,Individual,"1446 Main St, City1346, ST, 90001346",ChildA-1346,
IND0296,Dylan Morris,Individual,"2563 Main St, City2463, ST, 90002463",ChildA-2463,
IND0317,Alex Perez,Individual,"1740 Main St, City1640, ST, 90001640",ChildA-1640,
IND0324,Logan Flores,Individual,"1358 Main St, City1258, ST, 90001258",ChildA-1258,
IND0327,Sam Rivera,Individual,"1865 Main St, City1765, ST, 90001765",ChildA-1765,
IND0330,Parker Torres,Individual,"1719 Main St, City1619, ST, 90001619",,
IND0337,Avery Edwards,Individual,"1592 Main St, City1492, ST, 90001492",ChildA-1492,
IND0342,Hunter Morris,Individual,"2489 Main St, City2389, ST, 90002389",,
IND0353,Drew Lopez,Individual,"1947 Main St, City1847, ST, 90001847",ChildA-1847,
IND0356,Casey Philips,Individual,"1984 Main St, City1884, ST, 90001884",ChildA-1884,
IND0363,Dakota Nguyen,Individual,"2596 Main St, City2496, ST, 90002496",ChildA-2496,
IND0364,Taylor Anderson,Individual,"1222 Main St, City1122, ST, 90001122",ChildA-1122,
IND0365,Dakota Lopez,Individual,"2076 Main St, City1976, ST, 90001976",ChildA-1976,
IND0366,Kendall Edwards,Individual,"1412 Main St, City1312, ST, 90001312",ChildA-1312,
IND0367,Kendall Murphy,Individual,"2292 Main St, City2192, ST, 90002192",,
IND0372,Blake White,Individual,"2004 Main St, City1904, ST, 90001904",,
IND0375,Taylor Parker,Individual,"2462 Main St, City2362, ST, 90002362",ChildA-2362,
IND0380,Dylan Parker,Individual,"2083 Main St, City1983, ST, 90001983",ChildA-1983,
IND0391,Skylar Cook,Individual,"2389 Main St, City2289, ST, 90002289",ChildA-2289,
IND0394,Sydney Scott,Individual,"2160 Main St, City2060, ST, 90002060",ChildA-2060,
IND0395,Blake Scott,Individual,"1804 Main St, City1704, ST, 90001704",ChildA-1704,
IND0400,Taylor Thomas,Individual,"2582 Main St, City2482, ST, 90002482",ChildA-2482,
IND0401,Dylan Cook,Individual,"1163 Main St, City1063, ST, 90001063",ChildA-1063,
IND0402,Charlie Edwards,Individual,"2353 Main St, City2253, ST, 90002253",ChildA-2253,
IND0407,Hunter Taylor,Individual,"2089 Main St, City1989, ST, 90001989",,
IND0408,Hunter Phillips,Individual,"1449 Main St, City1349, ST, 90001349",ChildA-1349,
IND0411,Kendall White,Individual,"1492 Main St, City1392, ST, 90001392",ChildA-1392,
IND0414,Reese Taylor,Individual,"2211 Main St, City2111, ST, 90002111",ChildA-2111,
IND0421,Dylan Lopez,Individual,"1123 Main St, City1023, ST, 90001023",,
IND0430,Reese Perez,Individual,"1131 Main St, City1031, ST, 90001031",ChildA-1031,
IND0437,Aubrey Hall,Individual,"2413 Main St, City2313, ST, 90002313",ChildA-2313,
IND0438,Milan Scott,Individual,"1857 Main St, City1757, ST, 90001757",ChildA-1757,
IND0441,Blake Phillips,Individual,"2084 Main St, City1984, ST, 90001984",,
IND0444,Emerson Nguyen,Individual,"2522 Main St, City2422, ST, 90002422",ChildA-2422,
IND0449,Parker Carter,Individual,"1999 Main St, City1899, ST, 90001899",ChildA-1899,
IND0450,Cameron Stewart,Individual,"1591 Main St, City1491, ST, 90001491",ChildA-1491,
IND0451,Spencer Smith,Individual,"1490 Main St, City1390, ST, 90001390",ChildA-1390,
IND0452,Reese Wright,Individual,"2011 Main St, City1911, ST, 90001911",ChildA-1911,
IND0455,Riley Edwards,Individual,"1590 Main St, City1490, ST, 90001490",ChildA-1490,
IND0456,Blake Rogers,Individual,"2244 Main St, City2144, ST, 90002144",ChildA-2144,
IND0459,Jordan Smith,Individual,"1806 Main St, City1706, ST, 90001706",ChildA-1706,
IND0460,Skylar Morris,Individual,"2549 Main St, City2449, ST, 90002449",ChildA-2449,
IND0461,Elliot White,Individual,"1594 Main St, City1494, ST, 90001494",ChildA-1494,
IND0462,Sam Cook,Individual,"2465 Main St, City2365, ST, 90002365",ChildA-2365,
IND0463,Sydney Evans,Individual,"1480 Main St, City1380, ST, 90001380",ChildA-1380,
IND0466,Milan Thomas,Individual,"1417 Main St, City1317, ST, 90001317",,
IND0467,Jordan Collins,Individual,"1966 Main St, City1866, ST, 90001866",ChildA-1866,
IND0470,Eden Wright,Individual,"1735 Main St, City1635, ST, 90001635",ChildA-1635,
IND0471,Drew Collins,Individual,"1787 Main St, City1687, ST, 90001687",ChildA-1687,
IND0482,Milan Martin,Individual,"1977 Main St, City1877, ST, 90001877",ChildA-1877,
IND0493,Drew Murphy,Individual,"1907 Main St, City1807, ST, 90001807",ChildA-1807,
IND0496,Dylan Anderson,Individual,"2203 Main St, City2103, ST, 90002103",ChildA-2103,
IND0499,Drew Rivera,Individual,"2587 Main St, City2487, ST, 90002487",ChildA-2487,
IND0504,Robin Carter,Individual,"1361 Main St, City1261, ST, 90001261",ChildA-1261,
IND0505,Morgan King,Individual,"2383 Main St, City2283, ST, 90002283",ChildA-2283,
IND0508,Sam Hall,Individual,"1225 Main St, City1125, ST, 90001125",,
IND0511,Avery Hall,Individual,"2512 Main St, City2412, ST, 90002412",ChildA-2412,
IND0512,Sydney Edwards,Individual,"1920 Main St, City1820, ST, 90001820",ChildA-1820,
IND0513,Shannon Morris,Individual,"1448 Main St, City1348, ST, 90001348",,
IND0514,Milan Martin,Individual,"2497 Main St, City2397, ST, 90002397",ChildA-2397,
IND0519,Shannon Rivera,Individual,"1288 Main St, City1188, ST, 90001188",ChildA-1188,
IND0524,Eden Perez,Individual,"1335 Main St, City1235, ST, 90001235",ChildA-1235,
IND0525,Emerson Evans,Individual,"1442 Main St, City1342, ST, 90001342",ChildA-1342,
IND0526,Eden Rivera,Individual,"1215 Main St, City1115, ST, 90001115",,
IND0529,Hunter Morris,Individual,"1169 Main St, City1069, ST, 90001069",ChildA-1069,
IND0534,Dakota Perez,Individual,"1116 Main St, City1016, ST, 90001016",,
IND0535,Cameron Allen,Individual,"1271 Main St, City1171, ST, 90001171",ChildA-1171,
IND0544,Parker Rogers,Individual,"2439 Main St, City2339, ST, 90002339",ChildA-2339,
IND0547,Taylor Nguyen,Individual,"2102 Main St, City2002, ST, 90002002",,
IND0556,Logan Hall,Individual,"2278 Main St, City2178, ST, 90002178",ChildA-2178,
IND0557,Dakota Cook,Individual,"2316 Main St, City2216, ST, 90002216",,
IND0560,Elliot Mitchell,Individual,"1354 Main St, City1254, ST, 90001254",ChildA-1254,
IND0561,Sydney Lopez,Individual,"1200 Main St, City1100, ST, 90001100",ChildA-1100,
IND0572,Robin Campbell,Individual,"2081 Main St, City1981, ST, 90001981",ChildA-1981,
IND0573,Dylan Anderson,Individual,"2123 Main St, City2023, ST, 90002023",ChildA-2023,
IND0576,Elliot Lewis,Individual,"1954 Main St, City1854, ST, 90001854",ChildA-1854,
IND0581,Phoenix Edwards,Individual,"1938 Main St, City1838, ST, 90001838",ChildA-1838,
IND0582,Cameron Young,Individual,"2311 Main St, City2211, ST, 90002211",ChildA-2211,
IND0583,Alex Scott,Individual,"2540 Main St, City2440, ST, 90002440",,
IND0584,Cameron Hall,Individual,"1951 Main St, City1851, ST, 90001851",ChildA-1851,
IND0585,Casey Allen,Individual,"2344 Main St, City2244, ST, 90002244",,
IND0588,Sydney Collins,Individual,"1720 Main St, City1620, ST, 90001620",ChildA-1620,
IND0597,Elliot Martin,Individual,"2234 Main St, City2134, ST, 90002134",ChildA-2134,
IND0598,Riley Thompson,Individual,"2070 Main St, City1970, ST, 90001970",ChildA-1970,
IND0601,Quinn Flores,Individual,"2468 Main St, City2368, ST, 90002368",ChildA-2368,
IND0608,Parker Allen,Individual,"2319 Main St, City2219, ST, 90002219",,
IND0611,Jordan Walker,Individual,"1726 Main St, City1626, ST, 90001626",,
IND0612,Dakota Parker,Individual,"2036 Main St, City1936, ST, 90001936",ChildA-1936,
IND0613,Morgan Lopez,Individual,"2583 Main St, City2483, ST, 90002483",,
IND0614,Frankie Torres,Individual,"2176 Main St, City2076, ST, 90002076",ChildA-2076,
IND0615,Alex Stewart,Individual,"2580 Main St, City2480, ST, 90002480",ChildA-2480,
IND0620,Sam Phillips,Individual,"1545 Main St, City1445, ST, 90001445",ChildA-1445,
IND0629,Avery Roberts,Individual,"2432 Main St, City2332, ST, 90002332",ChildA-2332,
IND0630,Blake Hall,Individual,"1724 Main St, City1624, ST, 90001624",ChildA-1624,
IND0633,Robin Morris,Individual,"2321 Main St, City2221, ST, 90002221",ChildA-2221,
IND0634,Milan Flores,Individual,"2097 Main St, City1997, ST, 90001997",ChildA-1997,
IND0635,Jesse Edwards,Individual,"1557 Main St, City1457, ST, 90001457",,
IND0636,Skylar Martin,Individual,"1229 Main St, City1129, ST, 90001129",ChildA-1129,
IND0637,Jesse Walker,Individual,"1477 Main St, City1377, ST, 90001377",,
IND0639,Dakota Lewis,Individual,"1876 Main St, City1776, ST, 90001776",ChildA-1776,
IND0642,Phoenix Perez,Individual,"1258 Main St, City1158, ST, 90001158",ChildA-1158,
IND0643,Elliot Parker,Individual,"2554 Main St, City2454, ST, 90002454",ChildA-2454,
IND0644,Quinn Smith,Individual,"1428 Main St, City1328, ST, 90001328",ChildA-1328,
IND0647,Quinn Young,Individual,"2588 Main St, City2488, ST, 90002488",ChildA-2488,
IND0648,Sawyer Stewart,Individual,"1699 Main St, City1599, ST, 90001599",ChildA-1599,
IND0649,Eden Hall,Individual,"1175 Main St, City1075, ST, 90001075",ChildA-1075,
IND0650,Dakota Thomas,Individual,"1396 Main St, City1296, ST, 90001296",ChildA-1296,
IND0651,Jordan Anderson,Individual,"1166 Main St, City1066, ST, 90001066",ChildA-1066,
IND0652,Avery Thomas,Individual,"1912 Main St, City1812, ST, 90001812",ChildA-1812,
IND0653,Avery Evans,Individual,"2192 Main St, City2092, ST, 90002092",ChildA-2092,
IND0654,Riley Rivera,Individual,"2430 Main St, City2330, ST, 90002330",ChildA-2330,
IND0655,Emerson Allen,Individual,"1642 Main St, City1542, ST, 90001542",ChildA-1542,
IND0658,Jamie Taylor,Individual,"1826 Main St, City1726, ST, 90001726",ChildA-1726,
IND0661,Dakota Campbell,Individual,"2556 Main St, City2456, ST, 90002456",ChildA-2456,
IND0668,Eden Harris,Individual,"2535 Main St, City2435, ST, 90002435",ChildA-2435,
IND0675,Quinn Martin,Individual,"2548 Main St, City2448, ST, 90002448",ChildA-2448,
IND0682,Alex Smith,Individual,"1420 Main St, City1320, ST, 90001320",ChildA-1320,
IND0683,Sawyer Harris,Individual,"1419 Main St, City1319, ST, 90001319",ChildA-1319,
IND0684,Dylan Murphy,Individual,"1243 Main St, City1143, ST, 90001143",ChildA-1143,
IND0685,Robin Taylor,Individual,"1441 Main St, City1341, ST, 90001341",ChildA-1341,
IND0696,Phoenix Clark,Individual,"1498 Main St, City1398, ST, 90001398",ChildA-1398,
IND0697,Charlie Phillips,Individual,"2313 Main St, City2213, ST, 90002213",ChildA-2213,
IND0704,Morgan Young,Individual,"1263 Main St, City1163, ST, 90001163",ChildA-1163,
IND0707,Robin Campbell,Individual,"1601 Main St, City1501, ST, 90001501",ChildA-1501,
IND0708,Emerson Lewis,Individual,"2362 Main St, City2262, ST, 90002262",ChildA-2262,
IND0717,Cameron Nguyen,Individual,"1551 Main St, City1451, ST, 90001451",ChildA-1451,
IND0718,Riley Scott,Individual,"2470 Main St, City2370, ST, 90002370",,
IND0733,Eden Hall,Individual,"2015 Main St, City1915, ST, 90001915",ChildA-1915,
IND0738,Milan Adams,Individual,"1617 Main St, City1517, ST, 90001517",ChildA-1517,
IND0739,Emerson Johnson,Individual,"1242 Main St, City1142, ST, 90001142",,
IND0740,Sawyer Morris,Individual,"2339 Main St, City2239, ST, 90002239",ChildA-2239,
IND0745,Payton Campbell,Individual,"1205 Main St, City1105, ST, 90001105",ChildA-1105,
IND0750,Sawyer King,Individual,"1939 Main St, City1839, ST, 90001839",ChildA-1839,
IND0751,Dylan Morris,Individual,"1723 Main St, City1623, ST, 90001623",,
IND0764,Aubrey Carter,Individual,"1173 Main St, City1073, ST, 90001073",ChildA-1073,
IND0771,Phoenix Johnson,Individual,"2218 Main St, City2118, ST, 90002118",ChildA-2118,
IND0772,Frankie Morris,Individual,"2216 Main St, City2116, ST, 90002116",ChildA-2116,
IND0773,Quinn Torres,Individual,"2388 Main St, City2288, ST, 90002288",ChildA-2288,
IND0774,Morgan Adams,Individual,"1423 Main St, City1323, ST, 90001323",ChildA-1323,
IND0779,Phoenix Young,Individual,"1138 Main St, City1038, ST, 90001038",ChildA-1038,
IND0780,Drew Perez,Individual,"1227 Main St, City1127, ST, 90001127",ChildA-1127,
IND0791,Corey Collins,Individual,"1327 Main St, City1227, ST, 90001227",ChildA-1227,
IND0792,Skylar King,Individual,"1429 Main St, City1329, ST, 90001329",ChildA-1329,
IND0803,Dylan Campbell,Individual,"1363 Main St, City1263, ST, 90001263",ChildA-1263,
IND0808,Emerson Lewis,Individual,"1562 Main St, City1462, ST, 90001462",,
IND0813,Elliot Clark,Individual,"1234 Main St, City1134, ST, 90001134",ChildA-1134,
IND0814,Sawyer Perez,Individual,"2499 Main St, City2399, ST, 90002399",,
IND0817,Milan Lewis,Individual,"1817 Main St, City1717, ST, 90001717",ChildA-1717,
IND0826,Riley Campbell,Individual,"1710 Main St, City1610, ST, 90001610",,
IND0827,Logan Rivera,Individual,"2438 Main St, City2338, ST, 90002338",,
IND0830,Blake Smith,Individual,"2044 Main St, City1944, ST, 90001944",,
IND0837,Corey Adams,Individual,"2447 Main St, City2347, ST, 90002347",,
IND0838,Casey Murphy,Individual,"1224 Main St, City1124, ST, 90001124",ChildA-1124,
IND0839,Eden Collins,Individual,"2255 Main St, City2155, ST, 90002155",,
IND0840,Payton Lopez,Individual,"1725 Main St, City1625, ST, 90001625",ChildA-1625,
IND0841,Elliot Flores,Individual,"1394 Main St, City1294, ST, 90001294",ChildA-1294,
IND0848,Emerson Parker,Individual,"1282 Main St, City1182, ST, 90001182",ChildA-1182,
IND0849,Brooklyn Anderson,Individual,"2454 Main St, City2354, ST, 90002354",ChildA-2354,
IND0850,Aubrey Taylor,Individual,"1493 Main St, City1393, ST, 90001393",,
IND0851,Quinn Campbell,Individual,"1228 Main St, City1128, ST, 90001128",ChildA-1128,
IND0866,Frankie Mitchell,Individual,"1536 Main St, City1436, ST, 90001436",ChildA-1436,
IND0869,Logan Harris,Individual,"1638 Main St, City1538, ST, 90001538",ChildA-1538,
IND0870,Kendall Anderson,Individual,"1692 Main St, City1592, ST, 90001592",,
IND0875,Sam Phillips,Individual,"2545 Main St, City2445, ST, 90002445",ChildA-2445,
IND0880,Kendall Cook,Individual,"2372 Main St, City2272, ST, 90002272",,
IND0910,Corey Martin,Individual,"2567 Main St, City2467, ST, 90002467",ChildA-2467,
IND0913,Sam Edwards,Individual,"2145 Main St, City2045, ST, 90002045",ChildA-2045,
IND0936,Casey Thompson,Individual,"1784 Main St, City1684, ST, 90001684",,
IND0953,Elliot White,Individual,"2514 Main St, City2414, ST, 90002414",,
IND0960,Corey Wright,Individual,"1207 Main St, City1107, ST, 90001107",,
IND0967,Aubrey Collins,Individual,"2013 Main St, City1913, ST, 90001913",,
IND0968,Taylor Wright,Individual,"2062 Main St, City1962, ST, 90001962",ChildA-1962,
IND0975,Quinn Taylor,Individual,"1188 Main St, City1088, ST, 90001088",,
IND0978,Dylan Smith,Individual,"2163 Main St, City2063, ST, 90002063",,
IND0987,Quinn Campbell,Individual,"2348 Main St, City2248, ST, 90002248",,
IND0990,Morgan Young,Individual,"2423 Main St, City2323, ST, 90002323",,
IND0999,Kendall Roberts,Individual,"1612 Main St, City1512, ST, 90001512",,
IND1000,Kendall Allen,Individual,"2572 Main St, City2472, ST, 90002472",ChildA-2472,
IND1006,Parker Roberts,Individual,"2119 Main St, City2019, ST, 90002019",,
IND1007,Logan Harris,Individual,"1958 Main St, City1858, ST, 90001858",,
IND1017,Aubrey Mitchell,Individual,"2293 Main St, City2193, ST, 90002193",,
IND1034,Dakota Stewart,Individual,"1476 Main St, City1376, ST, 90001376",,
IND1041,Jordan Roberts,Individual,,,
IND1042,Sydney Adams,Individual,,,
IND1043,Dakota Morris,Individual,,,
IND1044,Riley Allen,Individual,,,
IND1045,Charlie Roberts,Individual,,,
IND1046,Alex Smith,Individual,,,
IND1047,Jesse Nguyen,Individual,,,
IND1048,Emerson Edwards,Individual,,,
IND1049,Robin Hall,Individual,,,
IND1050,Spencer Campbell,Individual,,,
IND1051,Alex Rogers,Individual,,,
IND1052,Drew Murphy,Individual,,,
IND1053,Quinn Lopez,Individual,,,
IND1054,Skylar Cook,Individual,,,
IND1055,Brooklyn Lopez,Individual,,,
IND1056,Milan Clark,Individual,,,
IND1058,Parker Torres,Individual,,,
IND1059,Elliot Perez,Individual,,,
IND1060,Harper Lopez,Individual,,,
IND1061,Reese Evans,Individual,,,
IND1062,Aubrey Wright,Individual,,,
IND1063,Shannon Phillips,Individual,,,
IND1064,Spencer Walker,Individual,,,
IND1065,Jamie Cook,Individual,,,
IND1066,Charlie Collins,Individual,,,
IND1067,Harper Stewart,Individual,,,
IND1068,Cameron Parker,Individual,,,
IND1069,Spencer Thompson,Individual,,,
IND1070,Robin Rogers,Individual,,,
IND1071,Blake Phillips,Individual,,,
IND1072,Hunter Mitchell,Individual,,,
IND1073,Kendall Wright,Individual,,,
IND1074,Phoenix Adams,Individual,,,
IND1075,Eden Scott,Individual,,,
IND1076,Jordan Allen,Individual,,,
IND1077,Blake Martin,Individual,,,
IND1078,Drew Thompson,Individual,,,
IND1079,Avery Cook,Individual,,,
IND1080,Dakota Stewart,Individual,,,
IND1081,Spencer Walker,Individual,,,
IND1082,Jordan Lewis,Individual,,,
IND1083,Kendall Cook,Individual,,,
IND1084,Aubrey Nguyen,Individual,,,
IND1085,Hunter Adams,Individual,,,
IND1086,Morgan Stewart,Individual,,,
IND1087,Charlie Morris,Individual,,,
IND1088,Dylan Evans,Individual,,,
IND1089,Logan Rogers,Individual,,,
IND1090,Harper Collins,Individual,,,
IND1091,Blake Scott,Individual,,,
IND1092,Jordan Hall,Individual,,,
IND1093,Reese Flores,Individual,,,
IND1094,Phoenix Campbell,Individual,,,
IND1095,Sawyer Cook,Individual,,,
IND1096,Morgan Parker,Individual,,,
IND1097,Casey Rivera,Individual,,,
IND1098,Drew Anderson,Individual,,,
IND1099,Elliot Thomas,Individual,,,
IND1100,Emerson Edwards,Individual,,,
IND1101,Elliot Rivera,Individual,,,
IND1102,Kendall Edwards,Individual,,,
IND1103,Corey Morris,Individual,,,
IND1104,Parker Smith,Individual,,,
IND1105,Hunter Allen,Individual,,,
IND1106,Drew White,Individual,,,
IND1107,Emerson Clark,Individual,,,
IND1108,Jordan Campbell,Individual,,,
IND1109,Payton Torres,Individual,,,
IND1110,Jesse White,Individual,,,
IND1111,Kendall Taylor,Individual,,,
IND1112,Skylar Hall,Individual,,,
IND1113,Skylar Edwards,Individual,,,
IND1114,Spencer Scott,Individual,,,
IND1115,Sam Johnson,Individual,,,
IND1116,Quinn Smith,Individual,,,
IND1117,Sam Johnson,Individual,,,
IND1118,Dylan Wright,Individual,,,
IND1119,Spencer Wright,Individual,,,
IND1120,Casey Campbell,Individual,,,
IND1121,Aubrey Stewart,Individual,,,
IND1122,Blake Nguyen,Individual,,,
IND1123,Logan Murphy,Individual,,,
IND1124,Corey Morris,Individual,,,
IND1125,Casey Walker,Individual,,,
IND1126,Payton Scott,Individual,,,
IND1127,Sawyer Allen,Individual,,,
IND1128,Reese Stewart,Individual,,,
IND1129,Parker Smith,Individual,,,
IND1130,Harper Flores,Individual,,,
IND1131,Blake Flores,Individual,,,
IND1132,Brooklyn Brown,Individual,,,
IND1133,Cameron Edwards,Individual,,,
IND1134,Avery Young,Individual,,,
IND1136,Elliot Collins,Individual,,,
IND1137,Quinn Thompson,Individual,,,
IND1138,Parker Flores,Individual,,,
IND1139,Brooklyn Hall,Individual,,,
IND1140,Casey Nguyen,Individual,,,
IND1141,Logan Taylor,Individual,,,
IND1142,Milan Clark,Individual,,,
IND1143,Aubrey Clark,Individual,,,
IND1144,Brooklyn Thomas,Individual,,,
IND1145,Eden Evans,Individual,,,
IND1146,Milan Mitchell,Individual,,,
IND1147,Taylor Rivera,Individual,,,
IND1149,Jordan Walker,Individual,,,
IND1151,Shannon King,Individual,,,
IND1152,Skylar Phillips,Individual,,,
IND1153,Kendall Martin,Individual,,,
IND1154,Sydney Mitchell,Individual,,,
IND1155,Payton Campbell,Individual,,,
IND1156,Corey Morris,Individual,,,
IND1157,Charlie Torres,Individual,,,
IND1158,Casey Collins,Individual,,,
IND1159,Sawyer Campbell,Individual,,,
IND1160,Hunter Roberts,Individual,,,
IND1161,Reese Edwards,Individual,,,
IND1162,Frankie Torres,Individual,,,
IND1163,Jesse Flores,Individual,,,
IND1164,Riley Adams,Individual,,,
IND1166,Charlie Cook,Individual,,,
IND1167,Kendall Thomas,Individual,,,
IND1168,Kendall Smith,Individual,,,
IND1170,Casey Barstow,Individual,,,
IND1171,Jamie Parker,Individual,,,
IND1172,Sawyer Lopez,Individual,,,
IND1173,Robin Stewart,Individual,,,
IND1174,Jesse Rivera,Individual,,,
IND1175,Robin Collins,Individual,,,
IND1176,Elliot Morris,Individual,,,
IND1177,Drew Lewis,Individual,,,
IND1178,Alex Parker,Individual,,,
IND1179,Logan Thomas,Individual,,,
IND1180,Jordan Rogers,Individual,,,
IND1181,Dakota Anderson,Individual,,,
IND1182,Logan Collins,Individual,,,
IND1183,Corey Rogers,Individual,,,
IND1184,Shannon Clark,Individual,,,
IND1185,Kendall Adams,Individual,,,
IND1188,Cameron Thomas,Individual,,,
IND1189,Blake Harris,Individual,,,
IND1190,Casey Young,Individual,,,
IND1191,Parker Stewart,Individual,,,
IND1192,Jordan Phillips,Individual,,,
IND1193,Sam Flores,Individual,,,
IND1194,Alex Thomas,Individual,,,
IND1195,Jamie Morris,Individual,,,
IND1196,Elliot Wright,Individual,,,
IND1197,Parker Mitchell,Individual,,,
IND1198,Sam Phillips,Individual,,,
IND1199,Kendall Perez,Individual,,,
IND1200,Eden Hall,Individual,,,
IND1201,Frankie Harris,Individual,,,
IND1202,Phoenix Collins,Individual,,,
IND1203,Jordan Stewart,Individual,,,
IND1204,Morgan Torres,Individual,,,
IND1206,Harper Collins,Individual,,,
IND1207,Jesse Allen,Individual,,,
IND1208,Shannon Walker,Individual,,,
IND1209,Jesse Nguyen,Individual,,,
IND1210,Frankie Flores,Individual,,,
IND1211,Jamie Rogers,Individual,,,
IND1212,Parker Mitchell,Individual,,,
IND1213,Skylar Harris,Individual,,,
IND1214,Shannon Thompson,Individual,,,
IND1215,Kendall Evans,Individual,,,
IND1216,Morgan Clark,Individual,,,
IND1217,Cameron Anderson,Individual,,,
IND1218,Payton Clark,Individual,,,
IND1219,Frankie Stewart,Individual,,,
IND1220,Elliot Murphy,Individual,,,
IND1221,Jordan Phillips,Individual,,,
IND1222,Jordan Smith,Individual,,,
IND1223,Corey Anderson,Individual,,,
IND1224,Sydney Allen,Individual,,,
IND1225,Payton Mitchell,Individual,,,
IND1226,Reese Evans,Individual,,,
IND1227,Frankie Rivera,Individual,,,
IND1228,Phoenix Young,Individual,,,
IND1229,Reese Torres,Individual,,,
IND1230,Taylor White,Individual,,,
IND1231,Emerson Roberts,Individual,,ChildA-1822,
IND1232,Blake Brown,Individual,,ChildA-2224,
IND1233,Robin Phillips,Individual,,,
IND1234,Skylar Thomas,Individual,,,
IND1235,Charlie Phillips,Individual,,,
IND1236,Harper Torres,Individual,,,
IND1237,Harper Rogers,Individual,,,
IND1238,Spencer Flores,Individual,,,
IND1239,Jordan Wright,Individual,,,
IND1240,Quinn Stewart,Individual,,,
IND1241,Jamie Anderson,Individual,,,
IND1242,Skylar Lewis,Individual,,,
IND1243,Harper Rogers,Individual,,,
IND1244,Cameron Clark,Individual,,,
IND1245,Hunter Smith,Individual,,,
IND1246,Emerson Clark,Individual,,,
IND1247,Skylar Taylor,Individual,,,
IND1248,Dylan Wright,Individual,,,
IND1249,Jesse Murphy,Individual,,,
IND1250,Corey Taylor,Individual,,,
IND1251,Corey Smith,Individual,,,
IND1252,Corey Scott,Individual,,,
IND1253,Reese Carter,Individual,,,
IND1254,Brooklyn Thompson,Individual,,,
IND1255,Frankie Perez,Individual,,,
IND1256,Casey Roberts,Individual,,,
IND1257,Drew Lopez,Individual,,,
IND1258,Jamie Taylor,Individual,,,
IND1259,Charlie Stewart,Individual,,,
IND1260,Jesse Brown,Individual,,,
IND1261,Sydney Campbell,Individual,,,
IND1262,Brooklyn Carter,Individual,,,
IND1263,Reese Rivera,Individual,,,
IND1264,Jordan Evans,Individual,,,
IND1265,Quinn Walker,Individual,,,
IND1266,Sydney Torres,Individual,,,
IND1267,Dakota Walker,Individual,,,
IND1269,Shannon Wright,Individual,,,
IND1270,Kendall Murphy,Individual,,,
IND1271,Frankie Parker,Individual,,,
IND1272,Elliot Harris,Individual,,,
IND1273,Taylor Parker,Individual,,,
IND1274,Corey Perez,Individual,,,
IND1275,Shannon Nguyen,Individual,,,
IND1276,Sawyer Edwards,Individual,,,
IND1277,Aubrey Rivera,Individual,,,
IND1278,Cameron Stewart,Individual,,,
IND1279,Emerson Smith,Individual,,,
IND1280,Alex Murphy,Individual,,,
IND1281,Robin Rogers,Individual,,,
IND1282,Casey Rogers,Individual,,,
IND1283,Emerson Smith,Individual,,,
IND1284,Jordan Collins,Individual,,,
IND1285,Jesse Phillips,Individual,,,
IND1286,Skylar Rivera,Individual,,,
IND1287,Hunter Roberts,Individual,,,
IND1288,Kendall White,Individual,,,
IND1289,Drew Rogers,Individual,,,
IND1290,Alex Flores,Individual,,,
IND1291,Skylar Brown,Individual,,,
IND1293,Emerson Scott,Individual,,,
IND1294,Charlie Martin,Individual,,,
IND1295,Eden Torres,Individual,,,
IND1296,Robin Evans,Individual,,,
IND1297,Sydney Parker,Individual,,,
IND1298,Jamie Stewart,Individual,,,
IND1299,Harper Wright,Individual,,,
IND1300,Payton Walker,Individual,,,
IND1301,Brooklyn Perez,Individual,,,
IND1302,Alex Lewis,Individual,,,
IND1303,Jamie King,Individual,,,
IND1304,Aubrey Brown,Individual,,,
IND1305,Kendall Clark,Individual,,,
IND1306,Riley Phillips,Individual,,,
IND1307,Hunter Johnson,Individual,,,
IND1308,Dakota Adams,Individual,,,
IND1309,Jesse Lewis,Individual,,,
IND1310,Sydney Anderson,Individual,,,
IND1311,Shannon Johnson,Individual,,,
IND1313,Jordan Rivera,Individual,,,
IND1315,Reese Rivera,Individual,,,
IND1316,Blake Thompson,Individual,,,
IND1317,Eden Morris,Individual,,,
IND1318,Brooklyn Thompson,Individual,,,
IND1319,Frankie Roberts,Individual,,,
IND1320,Jordan Murphy,Individual,,,
IND1321,Parker Rogers,Individual,,,
IND1322,Corey Martin,Individual,,,
IND1323,Jordan Carter,Individual,,,
IND1324,Logan Murphy,Individual,,,
IND1325,Payton Adams,Individual,,,
IND1326,Frankie Perez,Individual,,,
IND1327,Alex Roberts,Individual,,,
IND1328,Kendall Murphy,Individual,,,
IND1329,Kendall Thomas,Individual,,,
IND1331,Dylan Lopez,Individual,,,
IND1332,Jamie Flores,Individual,,,
IND1333,Drew Campbell,Individual,,,
IND1334,Elliot Rogers,Individual,,,
IND1335,Logan Walker,Individual,,,
IND1336,Jesse Murphy,Individual,,,
IND1337,Alex Perez,Individual,,,
IND1338,Avery Smith,Individual,,,
IND1339,Sawyer Phillips,Individual,,,
IND1340,Sam Parker,Individual,,,
IND1341,Blake Young,Individual,,,
IND1342,Hunter Nguyen,Individual,,,
IND1343,Brooklyn Lopez,Individual,,,
IND1344,Robin Mitchell,Individual,,,
IND1345,Blake Mitchell,Individual,,,
IND1346,Skylar Allen,Individual,,,
IND1347,Emerson Young,Individual,,,
IND1348,Jordan Scott,Individual,,,
IND1349,Kendall Johnson,Individual,,,
IND1350,Milan Stewart,Individual,,,
IND1351,Hunter Lewis,Individual,,,
IND1352,Morgan Cook,Individual,,,
IND1353,Elliot Flores,Individual,,,
IND1354,Emerson Stewart,Individual,,,
IND1355,Dylan Phillips,Individual,,,
IND1356,Corey Thomas,Individual,,,
IND1357,Spencer Morris,Individual,,,
IND1358,Brooklyn Carter,Individual,,,
IND1359,Eden Thompson,Individual,,,
IND1360,Phoenix Adams,Individual,,,
IND1361,Sam Brown,Individual,,,
IND1362,Jamie Lewis,Individual,,,
IND1363,Brooklyn Torres,Individual,,,
IND1364,Sam Scott,Individual,,,
IND1366,Cameron Campbell,Individual,,,
IND1367,Aubrey Roberts,Individual,,,
IND1368,Parker Cook,Individual,,,
IND1369,Sydney Hall,Individual,,,
IND1370,Hunter Campbell,Individual,,,
IND1371,Corey Thomas,Individual,,,
IND1372,Shannon Carter,Individual,,,
IND1373,Kendall Murphy,Individual,"2532 Main St, City2432, ST, 90002432",ChildA-2432,
IND1374,Frankie Wright,Individual,,,
IND1375,Blake Brown,Individual,,,
IND1376,Harper Adams,Individual,,,
IND1377,Sawyer Rivera,Individual,,,
IND1378,Taylor Stewart,Individual,,,
IND1379,Shannon Phillips,Individual,,,
IND1380,Parker Rivera,Individual,,,
IND1381,Robin Murphy,Individual,,,
IND1382,Jordan White,Individual,,,
IND1383,Avery Phillips,Individual,,,
IND1385,Shannon Murphy,Individual,,,
IND1386,Brooklyn Smith,Individual,,,
IND1387,Cameron Morris,Individual,,,
IND1388,Quinn Lopez,Individual,,,
IND1389,Frankie Nguyen,Individual,,,
IND1390,Eden Carter,Individual,,,
IND1391,Jordan Smith,Individual,,,
IND1392,Sam Morris,Individual,,,
IND1393,Jamie Clark,Individual,,,
IND1394,Charlie Stewart,Individual,,,
IND1395,Elliot Morris,Individual,,,
IND1396,Logan Rogers,Individual,,,
IND1398,Sydney Perez,Individual,,,
IND1399,Robin Thomas,Individual,,,
IND1402,Casey Brown,Individual,,,
IND1403,Skylar Murphy,Individual,,,
IND1404,Elliot Young,Individual,,,
IND1405,Harper Mitchell,Individual,,,
IND1406,Emerson Flores,Individual,,,
IND1407,Emerson Parker,Individual,,,
IND1408,Kendall Cook,Individual,,,
IND1411,Morgan Cook,Individual,,,
IND1412,Harper Adams,Individual,,,
IND1413,Corey Young,Individual,,,
IND1416,Phoenix Mitchell,Individual,,,
IND1417,Drew Torres,Individual,,,
IND1418,Riley Cook,Individual,,,
IND1419,Jordan Murphy,Individual,,,
IND1420,Phoenix Rogers,Individual,,,
IND1422,Aubrey White,Individual,,,
IND1423,Jesse Lopez,Individual,,,
IND1424,Brooklyn Nguyen,Individual,,,
IND1425,Eden Walker,Individual,,,
IND1426,Riley Lewis,Individual,,,
IND1429,Harper Young,Individual,,,
IND1434,Jordan Lewis,Individual,,,
IND1435,Blake Scott,Individual,,,
IND1436,Phoenix Perez,Individual,,,
IND1438,Morgan Lewis,Individual,,,
IND1440,Logan Phillips,Individual,,,
IND1443,Spencer Allen,Individual,,,
IND1444,Brooklyn Edwards,Individual,,,
IND1445,Casey Parker,Individual,,,
IND1446,Drew Clark,Individual,,,
IND1449,Dakota Collins,Individual,,,
IND1452,Jesse Walker,Individual,,,
IND1453,Cameron Scott,Individual,,,
IND1454,Alex Perez,Individual,,,
IND1455,Charlie Johnson,Individual,,,
IND1456,Harper Young,Individual,,,
IND1457,Brooklyn Harris,Individual,,,
IND1458,Casey Scott,Individual,,,
IND1459,Dakota Johnson,Individual,,,
IND1460,Kendall Adams,Individual,,,
IND1461,Morgan Martin,Individual,,,
IND1462,Sam Clark,Individual,,,
IND1463,Jesse Brown,Individual,,,
IND1464,Emerson Walker,Individual,,,
IND1467,Sam Edwards,Individual,,,
IND1468,Avery Martin,Individual,,,
IND1469,Payton Carter,Individual,,,
IND1470,Corey Taylor,Individual,,,
IND1474,Riley Brown,Individual,,,
IND1475,Avery Brown,Individual,,,
IND1476,Charlie Martin,Individual,,,
IND1477,Blake Torres,Individual,,,
IND1479,Aubrey Smith,Individual,,,
IND1480,Jesse Mitchell,Individual,,,
IND1481,Brooklyn Taylor,Individual,,,
IND1482,Sawyer Parker,Individual,,,
IND1483,Cameron Murphy,Individual,,,
IND1484,Phoenix Allen,Individual,,,
IND1485,Robin Johnson,Individual,,,
IND1486,Milan Parker,Individual,,,
IND1487,Sam King,Individual,,,
IND1488,Reese Mitchell,Individual,,,
IND1489,Robin Rogers,Individual,,,
IND1490,Hunter Nguyen,Individual,,,
IND1491,Reese Martin,Individual,,,
IND1492,Eden Taylor,Individual,,,
IND1493,Frankie Taylor,Individual,,,
IND1494,Parker Smith,Individual,,,
IND1496,Payton Collins,Individual,,,
IND1497,Hunter Thompson,Individual,,,
IND1498,Spencer Collins,Individual,,,
IND1499,Sawyer Rivera,Individual,,,
IND1500,Blake Perez,Individual,,,
IND1501,Reese Edwards,Individual,,,
IND1502,Frankie Torres,Individual,,,
IND1505,Logan Lewis,Individual,,,
IND1506,Spencer Scott,Individual,,,
IND1577,Avery Roberts,Individual,,,
UNK0000,Misc. Parent,Private,N/A,,
UNK0232,Dakota Thompson,Unknown,"1676 Main St, City1576, ST, 90001576",,
UNK1057,Avery Nguyen,Unknown,,,
UNK1135,Eden Scott,Unknown,,,
UNK1150,Blake Stewart,Unknown,,,
UNK1169,Alex Cook,Unknown,,,
UNK1187,Charlie Phillips,Unknown,,,
UNK1292,Milan Nguyen,Unknown,,,
UNK1312,Sawyer Taylor,Unknown,,,
UNK1365,Riley Wright,Unknown,,,
UNK1384,Blake Allen,Unknown,,,
UNK1400,Charlie Thompson,Unknown,,ChildA-1853,
UNK1401,Emerson Martin,Unknown,,,
UNK1437,Taylor Rivera,Unknown,,,
UNK1439,Riley Young,Unknown,,,
UNK1447,Avery Wright,Unknown,,,
UNK1448,Frankie Harris,Unknown,,,
UNK1473,Drew Edwards,Unknown,,,
UNK1478,Corey Collins,Unknown,,,
UNK1495,Frankie King,Unknown,,,
UNK1507,Amazon Smile Foundation,Corporate Donor,N/A,,
UNK1508,"Antique Portraiture, Inc.",Corporate Donor,www.promotionalphotographers.com,,
UNK1509,Ardon V. City of LA Claims Admin,Corporate Donor,N/A,,
UNK1510,Big Sunday,Corporate Donor,https://bigsunday.org/,,
UNK1511,"Books Are Fun, Ltd.",Corporate Donor,https://booksarefun.com/,,
UNK1512,Bubblemania and Company LA,Corporate Donor,https://www.bubblemaniaandco.com/,,
UNK1513,"Child Related Research, Inc.",Corporate Donor,https://crr.net/,,
UNK1514,City Of Los Angeles Giving Fund (ASNC),Corporate Donor,https://empowerla.org/asnc/,,
UNK1515,Community Discount Card Fundraising,Corporate Donor,https://www.cdccard.com/,,
UNK1516,Controller Ron Galperin,Corporate Donor,N/A,,
UNK1517,Costume Supercenter,Corporate Donor,https://www.costumesupercenter.com/,,
UNK1518,Council Member Paul Koretz Cd 5,Corporate Donor,N/A,,
UNK1519,Custom Ink,Corporate Donor,https://www.customink.com/,,
UNK1520,"David E. Ryu, Councilmember",Corporate Donor,N/A,,
UNK1521,Discount School Supply,Corporate Donor,https://www.discountschoolsupply.com/,,
UNK1522,Dog Haus LLC,Corporate Donor,https://doghaus.com/fundraising/,,
UNK1523,Drivewise Auto,Corporate Donor,https://www.drivewiseauto.com/,,
UNK1524,Ecophones,Corporate Donor,https://www.recyclingfundraiser.com/,,
UNK1525,Eventbrite,Corporate Donor,https://www.eventbrite.com/,,
UNK1526,Flappers Comedy Club & Restaurant,Corporate Donor,https://www.flapperscomedy.com/,,
UNK1527,"Freetime Media, Inc.",Corporate Donor,N/A,,
UNK1528,Goodsearch / Goodshop,Corporate Donor,https://www.goodshop.com/,,
UNK1529,GSA,Corporate Donor,https://www.gsa.gov/about-us/gsa-regions/region-9-pacific-rim/buildings-and-facilities/california/300-north-los-angeles-federal-building,,
UNK1530,Harry Pregerson Board,Corporate Donor,N/A,,
UNK1531,"Hearts That Care, Inc.",Corporate Donor,N/A,,
UNK1532,"Herb Wesson, Council President",Corporate Donor,N/A,,
UNK1533,Highland Park Ebell Club,Corporate Donor,https://www.ebellofla.org/,,
UNK1534,Inchbug,Corporate Donor,www.inchbug.com,,
UNK1535,Innisbrook Wraps,Corporate Donor,https://innisbrook.com/,,
UNK1536,Jewish Community Foundation of Los Angeles,Corporate Donor,https://www.jewishfoundationla.org/,,
UNK1537,Johnny Rockets,Corporate Donor,https://fundraising.johnnyrockets.com/,,
UNK1538,"Jose Huizar, Councilmember",Corporate Donor,N/A,,
UNK1539,Kroger,Corporate Donor,https://www.kroger.com/i/community/community-rewards,,
UNK1540,LA Conservancy,Corporate Donor,https://www.laconservancy.org/,,
UNK1541,Label Daddy,Corporate Donor,https://www.labeldaddy.com/pages/fundraising,,
UNK1542,Lifetouch National School Studios,Corporate Donor,lifetouch.com,,
UNK1543,"Loc, Inc.",Corporate Donor,https://www.loc-arch.com/,,
UNK1544,Los Angeles Neighborhood Initiative,Corporate Donor,https://www.lani.org/,,
UNK1545,"Lovable Labels, Inc.",Corporate Donor,https://www.lovablelabels.ca/us/fundraiser-program/,,
UNK1546,Marqueece Harris-Dawson Council Member,Corporate Donor,https://cd8.lacity.gov/about/marqueece-harris-dawson,,
UNK1547,Mary Kay Ash Foundation,Corporate Donor,https://marykayashfoundation.org/get-involved/team-up-for-women/,,
UNK1548,Midland Fundraising,Corporate Donor,https://midlandfundraising.com/,,
UNK1549,Mount Washington Association,Corporate Donor,N/A,,
UNK1550,Mt. Washington Homeowners Alliance,Corporate Donor,https://www.mountwashingtonalliance.com/,,
UNK1551,Network For Good,Corporate Donor,https://www.bonterratech.com/product/fundraising-and-engagement,,
UNK1552,Para Los Ninos,Corporate Donor,https://paralosninos.org/,,
UNK1553,Pasadena Community Foundation,Corporate Donor,https://pasadenacf.org/,,
UNK1554,"Pinkberry, Inc.",Corporate Donor,https://www.pinkberry.com/fundraisers/inquiry/?store=15020&brand=24,,
UNK1555,Pledgeling Foundation,Corporate Donor,https://www.pledgelingfoundation.org/,,
UNK1556,"RMS Communications Group, Inc.",Corporate Donor,N/A,,
UNK1557,"Rom Com, Inc.",Corporate Donor,N/A,,
UNK1558,Rubio's Fresh Mexican Grill,Corporate Donor,https://rubios.com/fundraisers/,,
UNK1559,Scholastic,Corporate Donor,https://www.scholastic.com/home,,
UNK1560,Self Realization Fellowship Church,Corporate Donor,https://yogananda.org/,,
UNK1561,Shakey's,Corporate Donor,https://www.shakeys.com/pizza-parties/request-a-fundraiser/,,
UNK1562,Joy on York,Corporate Donor,https://www.joyonyork.com/,,
UNK1563,Smart Circle International LLC,Corporate Donor,https://smartcircle.com/,,
UNK1564,SoCal Frozen Treat,Corporate Donor,N/A,,
UNK1565,The Caruso Family Foundation,Corporate Donor,https://caruso.com/family-foundation/,,
UNK1566,The GE Foundation,Corporate Donor,https://www.ge.com/news/reports/tag/ge%20foundation,,
UNK1567,"The Gordon Foundation, Inc.",Corporate Donor,N/A,,
UNK1568,Twentieth Century Fox Film Corp.,Corporate Donor,N/A,,
UNK1569,U.S. Bancorp Foundation,Corporate Donor,https://www.usbank.com/about-us-bank/community/community-possible-grant-program.html,,
UNK1570,Wahoo's Fish Taco,Corporate Donor,https://www.wahoos.com/faq/,,
UNK1571,Wells Fargo Foundation,Corporate Donor,https://www.wellsfargo.com/about/corporate-responsibility/community-giving/,,
UNK1572,Wholesale Costume Club,Corporate Donor,N/A,,
UNK1573,Ziggurat Child Development,Corporate Donor,N/A,,
UNK1574,Roberts Family Trust,Corporate Donor,"3694 Main St, City3594, ST, 90001593",,
UNK1575,The Vazomica Foundation,Corporate Donor,"3695 Main St, City3595, ST, 90001593",,
UNK1576,Benevity,Corporate Donor,https://benevity.com/,,
UNK1578,USI Education Sales,Corporate Donor,https://www.usi-laminate.com/,,
UNK1579,"VIP Accountancy, Inc. ",Corporate Donor,https://vipaccountancy.com/,,
UNK1580,Winters Designs,Corporate Donor,"1401 Randall Court, Los Angeles, CA 90065",,